company_names,cars_names,car_types,fuel_types_cleaned,cc_battery_capacity,horsepower,total_speed,performance_0_100_km/h,seats,cars_prices_cad,cars_prices_usd
FERRARI,SF90 STRADALE,Sports,Hybrid,3990 cc,963.0,340.0,2.5,2.0,1485000.0,1100000.0
ROLLS ROYCE,PHANTOM,Sedan,Gas,6749 cc,563.0,250.0,5.3,5.0,621000.0,460000.0
Ford,KA+,Others,Gas,1200 cc,70.0,165.0,10.5,5.0,16200.0,12000.0
MERCEDES, GT 63 S,Sports,Gas,3982 cc,630.0,250.0,3.2,4.0,217350.0,161000.0
AUDI,AUDI R8 Gt,Sports,Gas,5204 cc,602.0,320.0,3.6,2.0,341941.5,253290.0
BMW,Mclaren 720s,Sports,Gas,3994 cc,710.0,341.0,2.9,2.0,673650.0,499000.0
ASTON MARTIN,VANTAGE F1,Sports,Gas,3982 cc,656.0,314.0,3.6,2.0,261144.0,193440.0
BENTLEY,Continental GT Azure,Sports,Gas,3996 cc,550.0,318.0,4.0,4.0,419850.0,311000.0
LAMBORGHINI,VENENO ROADSTER,Sports,Gas,6498 cc,750.0,356.0,2.9,2.0,6075000.0,4500000.0
FERRARI,F8 TRIBUTO,Sports,Gas,3900 cc,710.0,340.0,2.9,2.0,378000.0,280000.0
FERRARI,812 GTS,Sports,Gas,6496 cc,789.0,340.0,2.9,2.0,472500.0,350000.0
FERRARI,MONZA SP2,Sports,Gas,6496 cc,789.0,340.0,2.9,2.0,2295000.0,1700000.0
FERRARI,F8 SPIDER,Sports,Gas,3900 cc,710.0,340.0,2.9,2.0,378000.0,280000.0
TOYOTA,GR SUPRA,Sports,Gas,2998 cc,382.0,250.0,4.1,2.0,72765.0,53900.0
TOYOTA,TOYOTA  GR86,Sedan,Gas,2387 cc,228.0,226.0,5.6,4.0,40500.0,30000.0
TOYOTA,TOYOTA LAND CRUISER,Suv,Gas,5663 cc,381.0,220.0,6.7,7.0,114750.0,85000.0
TOYOTA,TOYOTA SEQUOIA,Suv,Gas,5663 cc,381.0,200.0,6.9,7.0,67500.0,50000.0
NISSAN,GT-R,Sports,Gas,3799 cc,600.0,315.0,2.9,4.0,152550.0,113000.0
NISSAN,370Z,Sports,Gas,3696 cc,332.0,250.0,4.7,2.0,40500.0,30000.0
NISSAN,Z PROTO,Sports,Gas,2998 cc,400.0,290.0,4.1,2.0,54000.0,40000.0
NISSAN,ALTIMA,Sedan,Gas,2488 cc,188.0,225.0,7.3,5.0,33750.0,25000.0
NISSAN,MAXIMA,Sedan,Gas,3498 cc,300.0,240.0,5.8,5.0,47250.0,35000.0
NISSAN,SENTRA,Sedan,Gas,1998 cc,149.0,200.0,8.2,5.0,27000.0,20000.0
NISSAN,ROGUE,Sedan,Gas,2488 cc,201.0,200.0,7.5,5.0,37800.0,28000.0
NISSAN,PATHFINDER,Suv,Gas,3498 cc,284.0,225.0,6.5,7.0,47250.0,35000.0
NISSAN,FRONTIER,Sedan,Gas,3799 cc,310.0,180.0,6.8,5.0,40500.0,30000.0
NISSAN,TITAN,Sedan,Gas,5598 cc,400.0,200.0,5.9,5.0,54000.0,40000.0
ASTON MARTIN,VALKYRIE,Sports,Hybrid,6496 cc,1160.0,402.0,2.5,2.0,4320000.0,3200000.0
ASTON MARTIN,VALHALLA,Sports,Hybrid,3996 cc,1000.0,362.0,2.5,2.0,1485000.0,1100000.0
ASTON MARTIN,DBS SUPERLEGGERA,Sports,Gas,5204 cc,715.0,340.0,3.4,2.0,426600.0,316000.0
ASTON MARTIN,DB11,Sports,Gas,5204 cc,600.0,322.0,3.9,4.0,280800.0,208000.0
ASTON MARTIN,VANTAGE ,Sports,Gas,3996 cc,503.0,313.0,3.6,2.0,191700.0,142000.0
ASTON MARTIN,DBX,Sedan,Gas,3996 cc,542.0,291.0,4.5,5.0,255150.0,189000.0
ASTON MARTIN,RAPIDE AMR,Sports,Gas,5935 cc,580.0,328.0,4.2,4.0,324000.0,240000.0
ASTON MARTIN,VANQUISH,Sports,Gas,5935 cc,580.0,324.0,3.6,2.0,396900.0,294000.0
ASTON MARTIN,LAGONDA TARAF,Sports,Gas,5935 cc,540.0,314.0,4.2,4.0,1485000.0,1100000.0
ASTON MARTIN,VICTOR,Sports,Gas,5204 cc,836.0,320.0,2.8,2.0,1755000.0,1300000.0
LAMBORGHINI,SIAN,Sports,Hybrid,6498 cc,819.0,350.0,2.8,2.0,3780000.0,2800000.0
LAMBORGHINI,AVENTADOR SVJ,Sports,Gas,6498 cc,759.0,350.0,2.8,2.0,699300.0,518000.0
LAMBORGHINI,HURACAN PERFORMANTE,Sports,Gas,5204 cc,640.0,325.0,2.9,2.0,369900.0,274000.0
LAMBORGHINI,HURACAN EVO,Sports,Gas,5204 cc,640.0,325.0,2.9,2.0,352350.0,261000.0
LAMBORGHINI,AVENTADOR SV,Sports,Gas,6498 cc,740.0,350.0,2.8,2.0,665550.0,493000.0
LAMBORGHINI,URUS ,Sports,Gas,3996 cc,641.0,305.0,3.6,5.0,284850.0,211000.0
LAMBORGHINI,HURACAN SPYDER,Sports,Gas,5204 cc,610.0,325.0,3.4,2.0,387450.0,287000.0
LAMBORGHINI,AVENTADOR ROADSTER,Sports,Gas,6498 cc,700.0,350.0,3.0,2.0,600750.0,445000.0
LAMBORGHINI,HURACAN  PERFORMANTE SPYDER,Sports,Gas,5204 cc,640.0,325.0,3.1,2.0,415800.0,308000.0
LAMBORGHINI,AVENTADOR S,Sports,Gas,6498 cc,740.0,350.0,2.9,2.0,568350.0,421000.0
LAMBORGHINI,HURACAN EVO SPYDER,Sports,Gas,5204 cc,640.0,325.0,3.1,2.0,387450.0,287000.0
LAMBORGHINI,URUS PERFORMANTE,Sports,Gas,3996 cc,641.0,305.0,3.3,5.0,326700.0,242000.0
LAMBORGHINI,AVENTADOR ULTIMAE,Sports,Gas,6498 cc,769.0,355.0,2.8,2.0,735750.0,545000.0
LAMBORGHINI,HURACAN EVO RWD,Sports,Gas,5204 cc,610.0,325.0,3.3,2.0,348300.0,258000.0
LAMBORGHINI,AVENTADOR SVJ ROADSTER,Sports,Gas,6498 cc,759.0,350.0,2.9,2.0,773550.0,573000.0
LAMBORGHINI,URUS S,Sports,Gas,3996 cc,671.0,305.0,3.3,5.0,355050.0,263000.0
LAMBORGHINI,HURACAN STO,Sports,Gas,5204 cc,640.0,325.0,3.0,2.0,441450.0,327000.0
LAMBORGHINI,AVENTADOR LP 780-4 ULTIMATE,Sports,Gas,6498 cc,769.0,355.0,2.8,2.0,735750.0,545000.0
LAMBORGHINI,HURACAN EVO RWD SPYDER,Sports,Gas,5204 cc,610.0,325.0,3.3,2.0,368550.0,273000.0
LAMBORGHINI,AVENTADOR SVJ XAGO,Sports,Gas,6498 cc,759.0,350.0,2.9,2.0,814050.0,603000.0
LAMBORGHINI,URUS GRAPHITE CAPSULE,Sports,Gas,3998 cc,641.0,305.0,3.3,5.0,341550.0,253000.0
LAMBORGHINI,HURACAN STO EVO,Sports,Gas,5204 cc,640.0,325.0,3.0,2.0,461700.0,342000.0
LAMBORGHINI,AVENTADOR LP 780-4 ULTIMATE ROADSTER,Sports,Gas,6498 cc,769.0,355.0,2.8,2.0,773550.0,573000.0
ROLLS ROYCE,GHOST,Sedan,Gas,6592 cc,591.0,250.0,4.8,5.0,448200.0,332000.0
ROLLS ROYCE,WRAITH,Sports,Gas,6592 cc,624.0,250.0,4.4,4.0,445500.0,330000.0
ROLLS ROYCE,DAWN,Sports,Gas,6592 cc,624.0,250.0,4.9,4.0,486000.0,360000.0
ROLLS ROYCE,CULLINAN,Sedan,Gas,6749 cc,563.0,250.0,5.2,5.0,438750.0,325000.0
ROLLS ROYCE,PHANTOM EXTENDED,Sedan,Gas,6749 cc,563.0,250.0,5.3,5.0,675000.0,500000.0
ROLLS ROYCE,GHOST EXTENDED,Sedan,Gas,6592 cc,591.0,250.0,4.8,5.0,499500.0,370000.0
ROLLS ROYCE,WRAITH BLACK BADGE,Sports,Gas,6592 cc,624.0,250.0,4.3,4.0,486000.0,360000.0
ROLLS ROYCE,DAWN BLACK BADGE,Sports,Gas,6592 cc,624.0,250.0,4.8,4.0,526500.0,390000.0
ROLLS ROYCE,CULLINAN BLACK BADGE,Sedan,Gas,6749 cc,563.0,250.0,5.1,5.0,472500.0,350000.0
ROLLS ROYCE,PHANTOM COUPE,Sports,Gas,6749 cc,563.0,250.0,5.3,4.0,607500.0,450000.0
ROLLS ROYCE,GHOST COUPE,Sports,Gas,6592 cc,591.0,250.0,4.8,4.0,459000.0,340000.0
ROLLS ROYCE,WRAITH COUPE,Sports,Gas,6592 cc,624.0,250.0,4.4,4.0,445500.0,330000.0
ROLLS ROYCE,DAWN CONVERTIBLE,Sports,Gas,6592 cc,624.0,250.0,4.9,4.0,513000.0,380000.0
ROLLS ROYCE,CULLINAN SUV,Sedan,Gas,6749 cc,563.0,250.0,5.2,5.0,432000.0,320000.0
MERCEDES,BENZ S-CLASS S 580,Sedan,Gas,3982 cc,496.0,250.0,4.4,5.0,156600.0,116000.0
MERCEDES,BENZ E-CLASS E 63 S,Sports,Gas,3982 cc,603.0,250.0,3.4,5.0,140400.0,104000.0
MERCEDES,BENZ CLA 45 AMG,Sedan,Gas,1991 cc,382.0,250.0,4.1,5.0,71550.0,53000.0
MERCEDES,BENZ GLE 63 S,Sedan,Gas,3982 cc,603.0,250.0,4.2,5.0,152550.0,113000.0
MERCEDES,BENZ S-CLASS S 500,Sedan,Gas,2996 cc,429.0,250.0,4.9,5.0,147150.0,109000.0
MERCEDES,BENZ E-CLASS E 450 ,Sedan,Gas,2996 cc,362.0,250.0,5.2,5.0,83700.0,62000.0
MERCEDES,BENZ CLS 450,Sedan,Gas,2996 cc,362.0,250.0,5.2,5.0,94500.0,70000.0
MERCEDES,BENZ GT 53,Sedan,Gas,2996 cc,429.0,250.0,4.5,5.0,133650.0,99000.0
MERCEDES,BENZ GLE 450,Sedan,Gas,2996 cc,362.0,250.0,5.5,5.0,85050.0,63000.0
MERCEDES,BENZ A-CLASS A 45 S,Sports,Gas,1991 cc,416.0,250.0,3.9,5.0,71550.0,53000.0
MERCEDES,BENZ C-CLASS C 43,Sedan,Gas,2996 cc,402.0,250.0,4.7,5.0,70200.0,52000.0
MERCEDES,BENZ E-CLASS E 350,Sedan,Gas,1991 cc,255.0,250.0,5.7,5.0,66150.0,49000.0
MERCEDES,BENZ GLE 350 ,Sedan,Gas,1991 cc,255.0,250.0,6.1,5.0,71550.0,53000.0
MERCEDES,BENZ GLC 43,Sedan,Gas,2996 cc,402.0,250.0,4.7,5.0,72900.0,54000.0
MERCEDES,BENZ GLA 45,Sedan,Gas,1991 cc,382.0,250.0,4.3,5.0,64800.0,48000.0
MERCEDES,BENZ GLC 350 ,Sedan,Gas,1991 cc,255.0,250.0,6.1,5.0,62100.0,46000.0
MERCEDES,BENZ GLE 53,Sedan,Gas,2996 cc,429.0,250.0,5.2,5.0,95850.0,71000.0
MERCEDES,BENZ S-CLASS S 350,Sedan,Gas,1991 cc,255.0,250.0,6.5,5.0,121500.0,90000.0
MERCEDES,BENZ EQS 53,Sports,Electric,nan,751.0,250.0,3.4,5.0,137700.0,102000.0
MERCEDES,BENZ MAYBACH S 680,Sedan,Gas,5980 cc,630.0,250.0,4.7,5.0,270000.0,200000.0
BMW,M5 CS,Sports,Gas,4395 cc,627.0,305.0,3.0,5.0,191700.0,142000.0
BMW,M4 GTS,Sports,Gas,2993 cc,493.0,305.0,3.7,4.0,179550.0,133000.0
BMW,M3 COMPETITION,Sports,Gas,2993 cc,503.0,285.0,3.5,5.0,102600.0,76000.0
BMW,M2 CS,Sports,Gas,2993 cc,444.0,280.0,4.0,4.0,112050.0,83000.0
BMW,X5 M COMPETITION,Sedan,Gas,4935 cc,523.0,285.0,4.1,5.0,153900.0,114000.0
BMW,X3 M COMPETITION,Sedan,Gas,2993 cc,503.0,285.0,4.1,5.0,93150.0,69000.0
BMW,M8 GRAN COUPE,Sports,Gas,4395 cc,523.0,305.0,3.3,5.0,197100.0,146000.0
BMW,M850i DRIVE COUPE,Sports,Gas,4935 cc,523.0,285.0,3.7,4.0,145800.0,108000.0
ROLLS ROYCE,DAWN BLACK BADGE VOLANTE,Sports,Gas,6592 cc,563.0,250.0,4.8,4.0,537300.0,398000.0
ROLLS ROYCE,CULLINAN BLACK BADGE SUV,Sedan,Gas,6749 cc,563.0,250.0,5.1,5.0,514350.0,381000.0
ROLLS ROYCE,PHATOM TRANQUILITY,Sedan,Gas,6749 cc,563.0,250.0,5.3,5.0,641250.0,475000.0
ROLLS ROYCE,GHOST ZENITH,Sedan,Gas,6749 cc,563.0,250.0,4.9,5.0,452250.0,335000.0
ROLLS ROYCE,WRAITH EAGLE VIII,Sports,Gas,6592 cc,623.0,250.0,4.5,4.0,471150.0,349000.0
ROLLS ROYCE,PHATOM ORCHID,Sedan,Gas,6749 cc,563.0,250.0,5.3,5.0,668250.0,495000.0
ROLLS ROYCE,GHOST AZURE,Sedan,Gas,6749 cc,563.0,250.0,4.9,5.0,479250.0,355000.0
ROLLS ROYCE,WRAITH KRYPTOS,Sports,Gas,6592 cc,623.0,250.0,4.5,4.0,498150.0,369000.0
ROLLS ROYCE,DAWN SILVER BULLET,Sports,Gas,6592 cc,563.0,250.0,4.8,4.0,564300.0,418000.0
ROLLS ROYCE,CULLINAN FUX ORANGE,Sedan,Gas,6749 cc,563.0,250.0,5.1,5.0,541350.0,401000.0
ROLLS ROYCE,PHANTOM CELESTIAL,Sedan,Gas,6749 cc,563.0,250.0,5.3,5.0,695250.0,515000.0
ROLLS ROYCE,GHOST MYSORE,Sedan,Gas,6749 cc,563.0,250.0,4.9,5.0,506250.0,375000.0
ROLLS ROYCE,WRAITH LUMINARY,Sports,Gas,6592 cc,623.0,250.0,4.5,4.0,525150.0,389000.0
ROLLS ROYCE,DAWN BLACK BADGE ADAMAS,Sports,Gas,6592 cc,563.0,250.0,4.8,4.0,592650.0,439000.0
ROLLS ROYCE,CULLINAN RED DIAMOND,Sedan,Gas,6749 cc,563.0,250.0,5.1,5.0,568350.0,421000.0
AUDI,R8 V10 PLUS,Sports,Gas,5204 cc,610.0,330.0,3.2,2.0,261900.0,194000.0
AUDI,RS7 SPORTBACK,Sports,Gas,3993 cc,591.0,305.0,3.6,5.0,153900.0,114000.0
AUDI,S8,Sedan,Gas,3993 cc,563.0,305.0,4.3,5.0,136350.0,101000.0
AUDI,RS6 AVANT,Sports,Gas,3993 cc,591.0,305.0,3.6,5.0,147150.0,109000.0
AUDI,S7 SPORTBACK,Sedan,Gas,3993 cc,563.0,305.0,4.3,5.0,129600.0,96000.0
AUDI,A8,Sedan,Gas,2995 cc,335.0,250.0,5.7,5.0,116100.0,86000.0
AUDI,S5 COUPE,Sports,Gas,2995 cc,349.0,250.0,4.8,4.0,86400.0,64000.0
AUDI,SQ5,Sedan,Gas,2995 cc,349.0,250.0,5.4,5.0,83700.0,62000.0
AUDI,S4 SEDAN,Sedan,Gas,2995 cc,349.0,250.0,4.7,5.0,79650.0,59000.0
AUDI,S3 SEDAN,Sedan,Gas,1984 cc,306.0,250.0,4.8,5.0,70200.0,52000.0
AUDI,Q7,Suv,Gas,2995 cc,335.0,250.0,6.3,7.0,81000.0,60000.0
AUDI,Q5,Sedan,Gas,1984 cc,248.0,240.0,6.3,5.0,58050.0,43000.0
AUDI,A7,Sedan,Gas,2995 cc,335.0,250.0,5.7,5.0,91800.0,68000.0
AUDI,A6,Sedan,Gas,2995 cc,335.0,250.0,5.7,5.0,78300.0,58000.0
AUDI,A5 COUPE,Sports,Gas,1984 cc,248.0,240.0,6.3,4.0,60750.0,45000.0
AUDI,A4,Sedan,Gas,1984 cc,248.0,240.0,6.5,5.0,52650.0,39000.0
AUDI,Q3,Sedan,Gas,1984 cc,248.0,230.0,7.3,5.0,47250.0,35000.0
AUDI,E-TRON,Sedan,Electric,95 kwh,402.0,200.0,5.5,5.0,101250.0,75000.0
AUDI,E-TRON SPORTBACK,Sedan,Electric,95 kwh,402.0,200.0,5.5,5.0,105300.0,78000.0
AUDI,TT COUPE,Sports,Gas,1984 cc,248.0,250.0,5.3,2.0,66150.0,49000.0
BMW,I8 ROADSTER,Sports,Hybrid,11.6 kwh,369.0,250.0,4.4,2.0,222750.0,165000.0
BMW,330i,Sedan,Gas,1998 cc,255.0,250.0,5.6,5.0,60750.0,45000.0
BMW,M340i XDRIVE,Sedan,Gas,2998 cc,382.0,250.0,4.1,5.0,76950.0,57000.0
BMW,430i COUPE,Sports,Gas,1998 cc,255.0,250.0,5.8,4.0,64800.0,48000.0
BMW,M4 COMPETITION,Sports,Gas,2993 cc,503.0,290.0,3.8,4.0,109350.0,81000.0
BMW,530i,Sedan,Gas,1998 cc,248.0,250.0,5.9,5.0,76950.0,57000.0
BMW,M550i XDRIVE,Sports,Gas,4395 cc,523.0,250.0,3.6,5.0,105300.0,78000.0
BMW,118i,Sedan,Gas,1499 cc,136.0,213.0,8.5,5.0,43200.0,32000.0
BMW,128ti,Sedan,Gas,1998 cc,261.0,250.0,6.1,5.0,56700.0,42000.0
BMW,M135i XDRIVE,Sedan,Gas,1998 cc,302.0,250.0,4.8,5.0,40500.0,30000.0
BMW,116D,Sedan,Gas,1496 cc,116.0,200.0,10.3,5.0,40500.0,30000.0
BMW,120D XDRIVE,Sedan,Gas,1995 cc,190.0,230.0,6.9,5.0,51300.0,38000.0
BMW,116i,Sedan,Gas,1499 cc,109.0,200.0,10.9,5.0,37800.0,28000.0
BMW,118D,Sedan,Gas,1995 cc,150.0,216.0,8.4,5.0,45900.0,34000.0
BMW,120i,Sedan,Gas,1998 cc,178.0,230.0,7.1,5.0,49950.0,37000.0
BMW,125i,Sedan,Gas,1998 cc,224.0,240.0,6.1,5.0,56700.0,42000.0
BMW,114D,Others,Gas,1496 cc,95.0,185.0,12.2,5.0,36450.0,27000.0
BMW,114i,Sedan,Gas,1598 cc,102.0,195.0,11.2,5.0,35100.0,26000.0
BMW,125D,Sedan,Gas,1995 cc,224.0,240.0,6.3,5.0,59400.0,44000.0
BMW,118i XDRIVE,Sedan,Gas,1499 cc,136.0,211.0,8.9,5.0,45900.0,34000.0
BMW,116D EFFICIENTDYNAMICS,Sedan,Gas,1496 cc,116.0,200.0,10.9,5.0,40500.0,30000.0
BMW,118i SPORTLINE,Sedan,Gas,1499 cc,136.0,213.0,8.5,5.0,47250.0,35000.0
BMW,118i M SPORT,Sedan,Gas,1499 cc,136.0,213.0,8.5,5.0,49950.0,37000.0
BMW,120i M SPORT,Sedan,Gas,1998 cc,178.0,230.0,7.1,5.0,52650.0,39000.0
BMW,116i EFFICIENTDYNAMICS,Sedan,Gas,1598 cc,109.0,195.0,10.9,5.0,39150.0,29000.0
BMW,116D ADVANTAGE,Sedan,Gas,1496 cc,116.0,200.0,10.5,5.0,41850.0,31000.0
BMW,120D EFFICIENTDYNAMICS,Sedan,Gas,1995 cc,163.0,225.0,7.7,5.0,52650.0,39000.0
BMW,118i SHADOW LINE,Sedan,Gas,1499 cc,136.0,213.0,8.5,5.0,48600.0,36000.0
BMW,118D SPORT LINE,Sedan,Gas,1995 cc,150.0,216.0,8.4,5.0,48600.0,36000.0
BMW,120i XDRIVE,Sedan,Gas,1998 cc,178.0,230.0,7.2,5.0,54000.0,40000.0
BMW,114D SPORT LINE,Others,Gas,1496 cc,95.0,185.0,12.2,5.0,37800.0,28000.0
BMW,118i URBAN LINE,Sedan,Gas,1499 cc,136.0,213.0,8.5,5.0,47250.0,35000.0
VOLVO,XC90,Suv,Gas,1969 cc,247.0,200.0,6.5,7.0,81000.0,60000.0
VOLVO,XC60,Sedan,Gas,1969 cc,247.0,220.0,6.4,5.0,74250.0,55000.0
VOLVO,S90,Sedan,Gas,1969 cc,295.0,250.0,5.9,5.0,81000.0,60000.0
KIA,SPORTAGE LX,Sedan,Gas,2480 cc,187.0,200.0,8.0,5.0,36450.0,27000.0
KIA,SPORTAGE EX,Sedan,Gas,2480 cc,187.0,200.0,8.0,5.0,40500.0,30000.0
KIA,SPORTAGE GT-LINE,Sedan,Gas,2480 cc,187.0,200.0,8.0,5.0,43200.0,32000.0
KIA,SPORTAGE SX TURBO,Sedan,Gas,1998 cc,240.0,210.0,6.7,5.0,48600.0,36000.0
KIA,SPORTAGE NIGHTFALL EDITION,Sedan,Gas,2480 cc,187.0,200.0,8.0,5.0,44550.0,33000.0
HONDA,CIVIC TYPE R,Sedan,Gas,1996 cc,315.0,272.0,5.7,5.0,59400.0,44000.0
KIA,SPORTAGE PHEV,Sedan,Hybrid,1600 cc / 13.8 kwh,261.0,180.0,8.0,5.0,55350.0,41000.0
KIA,SPORTAGE 2024(BASE MODEL),Sedan,Gas,2480 cc,187.0,200.0,8.0,5.0,35100.0,26000.0
KIA,SPORTAGE 2024(TOP TRIM),Sedan,Gas,1998 cc,240.0,210.0,6.7,5.0,51300.0,38000.0
KIA,SPORTAGE 2024(BASE AWD),Sedan,Gas,2480 cc,187.0,200.0,8.3,5.0,39150.0,29000.0
KIA,SPORTAGE X-LINE,Sedan,Gas,2480 cc,187.0,200.0,8.0,5.0,43875.0,32500.0
KIA,SPORTAGE 2024(S TRIM),Sedan,Gas,2480 cc,187.0,200.0,8.2,5.0,37800.0,28000.0
HONDA,ACCORD,Sedan,Gas,1498 cc,192.0,201.0,7.1,5.0,39690.0,29400.0
KIA,SPORTAGE 2024(HYBRID AWD),Sedan,Hybrid,1600 cc / 1.49 kwh,227.0,180.0,8.0,5.0,49950.0,37000.0
KIA,SPORTAGE 2024(PLUG-IN HYBRID AWD),Sedan,Hybrid,1598 cc / 13.8 kwh,261.0,180.0,7.9,5.0,56700.0,42000.0
KIA,SPORTAGE 2024(X-PRO),Sedan,Gas,2480 cc,187.0,200.0,8.1,5.0,48600.0,36000.0
KIA,SPORTAGE 2024(X-PRO PRESTIGE),Sedan,Gas,2480 cc,187.0,200.0,8.1,5.0,51300.0,38000.0
KIA,SPORTAGE 2024(SX TURBO AWD),Sedan,Gas,1998 cc,240.0,210.0,6.5,5.0,54000.0,40000.0
KIA,SPORTAGE 2024(BASE FWD),Sedan,Gas,2480 cc,187.0,200.0,8.5,5.0,35775.0,26500.0
HONDA,CR-V,Sedan,Gas,1498 cc,190.0,186.0,8.2,5.0,40500.0,30000.0
HONDA,PILOT,Others,Gas,3471 cc,285.0,209.0,6.3,8.0,54000.0,40000.0
HONDA,CIVIC HATCHBACK,Sedan,Gas,1498 cc,180.0,220.0,6.8,5.0,35572.5,26350.0
TOYOTA,CAMRY,Sedan,Gas,3500 cc,301.0,220.0,6.0,5.0,36450.0,27000.0
TOYOTA,COROLLA,Sedan,Gas,1798 cc,139.0,180.0,9.4,5.0,30375.0,22500.0
TOYOTA,PRIUS,Sedan,Hybrid,1798 cc,121.0,180.0,10.5,5.0,36045.0,26700.0
TOYOTA,RAV4,Sedan,Gas,2494 cc,203.0,200.0,8.1,5.0,36585.0,27100.0
TOYOTA,HIGHLANDER,Suv,Gas,3456 cc,295.0,220.0,7.2,7.0,51840.0,38400.0
TOYOTA,4RUNNER ,Sedan,Gas,3956 cc,270.0,200.0,7.5,5.0,50490.0,37400.0
TOYOTA,TACOMA,Sedan,Gas,2694 cc,159.0,180.0,9.5,5.0,35640.0,26400.0
TOYOTA,TUNDRA,Sedan,Gas,5663 cc,381.0,220.0,6.7,5.0,53865.0,39900.0
TOYOTA,AVALON,Sedan,Gas,3456 cc,301.0,220.0,6.9,5.0,55890.0,41400.0
TOYOTA,MIRAI,Sedan,Electric,1798 cc,151.0,180.0,9.2,5.0,70740.0,52400.0
TOYOTA,SIENNA,Suv,Gas,2494 cc,245.0,190.0,8.0,7.0,59602.5,44150.0
TOYOTA,VENZA,Sedan,Hybrid,2494 cc,219.0,200.0,7.5,5.0,45090.0,33400.0
TOYOTA,HIGHLANDER HYBRID,Suv,Hybrid,3456 cc,240.0,220.0,8.2,7.0,54540.0,40400.0
TOYOTA,LAND CRUISER PRADO,Suv,Gas,3956 cc,282.0,200.0,7.2,7.0,66690.0,49400.0
TOYOTA,TUNDRA HYBRID,Sedan,Hybrid,3456 cc,344.0,220.0,6.2,5.0,58590.0,43400.0
TOYOTA,YARIS,Sedan,Gas,1496 cc,106.0,180.0,11.2,5.0,24840.0,18400.0
TOYOTA,C-HR,Sedan,Gas,1986 cc,144.0,200.0,10.2,5.0,32940.0,24400.0
TOYOTA,BZ4X,Sedan,Electric,64.8 kwh (Base Model)72.8 kwh (Higher End Model,218.0,200.0,7.5,5.0,58590.0,43400.0
TOYOTA,CROWN,Sedan,Hybrid,2494 cc,236.0,200.0,7.6,5.0,51840.0,38400.0
TOYOTA,MR2,Sedan,Gas,1986 cc,168.0,200.0,6.9,2.0,39150.0,29000.0
TOYOTA,CELICA,Sedan,Gas,1986 cc,140.0,200.0,8.5,5.0,33750.0,25000.0
HONDA,CITY,Sedan,Gas,1497 cc,119.0,180.0,10.2,5.0,20790.0,15400.0
HONDA,CIVIC,Sedan,Gas,1996 cc,158.0,200.0,8.5,5.0,27540.0,20400.0
HYUNDAI,I10,Others,Gas,1197 cc,87.0,160.0,12.2,5.0,16740.0,12400.0
HYUNDAI,I20,Others,Gas,1396 cc,99.0,180.0,10.5,5.0,20790.0,15400.0
HYUNDAI,ELANTRA,Sedan,Gas,1999 cc,147.0,200.0,9.5,5.0,24840.0,18400.0
MAHINDRA,XUV500,Suv,Gas,2179 cc,155.0,180.0,10.5,7.0,24840.0,18400.0
MAHINDRA,SCORPIO,Suv,Gas,2179 cc,140.0,160.0,11.2,7.0,22140.0,16400.0
MAHINDRA,THAR,Sedan,Gas,1997 cc,150.0,180.0,10.5,4.0,27540.0,20400.0
MARUTI SUZUKI,SWIFT,Others,Gas,1197 cc,83.0,160.0,12.2,5.0,14040.0,10400.0
MARUTI SUZUKI,DZIRE,Others,Gas,1197 cc,83.0,160.0,12.2,5.0,15390.0,11400.0
MARUTI SUZUKI,BREZZA,Sedan,Gas,1462 cc,103.0,180.0,11.5,5.0,19440.0,14400.0
TOYOTA,PRIUS PRIME,Sedan,Hybrid,1998 cc,220.0,180.0,6.7,5.0,41985.0,31100.0
TOYOTA,GR COROLLA,Sedan,Gas,1618 cc,300.0,230.0,7.568661679135495,5.0,49943.2,36995.0
TOYOTA,LAND CRUISER 300,Suv,Gas,3346 cc,305.0,210.0,6.8,7.0,78975.0,58500.0
TOYOTA,TUNDRA I-FORCE MAX,Sedan,Hybrid,3445 cc,437.0,180.0,6.2,5.0,75600.0,56000.0
TOYOTA,COROLLA HATCHBACK XSE,Sedan,Gas,1987 cc,169.0,190.0,8.2,5.0,34276.5,25390.0
TOYOTA,MIRAI,Sedan,Electric,1.24 kwh,152.0,180.0,9.0,5.0,66825.0,49500.0
TOYOTA,HILUX GR SPORT,Sedan,Gas,2755 cc,224.0,170.0,10.0,5.0,67500.0,50000.0
TOYOTA,ALPHARD EXECUTIVE LOUNGE,Suv,Gas,HYBRID(2494 cc)V6(3456 cc),296.0,180.0,8.5,7.0,81000.0,60000.0
TOYOTA,FORTUNER GR SPORT,Suv,Gas,2755 cc,204.0,175.0,10.5,7.0,74250.0,55000.0
TOYOTA,INNOVA HYCROSS,Suv,Hybrid,1987 cc,184.0,165.0,9.5,7.0,54000.0,40000.0
TOYOTA,COASTER,Bus/truck,Gas,4009 cc,134.0,120.0,7.568661679135495,20.0,94500.0,70000.0
TOYOTA,URBAN CRUISER TAISOR,Sedan,Gas,1490 cc,114.0,170.0,11.0,5.0,33750.0,25000.0
TOYOTA,AYGO X,Others,Gas,998 cc,71.0,160.0,14.8,4.0,24300.0,18000.0
TOYOTA,HILUX REVO ROCCO,Sedan,Gas,2755 cc,204.0,175.0,10.0,5.0,67500.0,50000.0
TOYOTA,PROACE VERSO ELECTRIC,Suv,Electric,75 KWH,136.0,130.0,13.5,7.0,74250.0,55000.0
TOYOTA,CENTURY SUV,Sedan,Gas,3456 cc,406.0,200.0,6.0,5.0,229500.0,170000.0
TOYOTA,COROLLA SEDAN HYBRID,Sedan,Hybrid,1798 cc,134.0,180.0,10.0,5.0,32400.0,24000.0
TOYOTA,BZ3,Sedan,Electric,65 KWH,241.0,160.0,7.5,5.0,47250.0,35000.0
TOYOTA,GR YARIS,Sedan,Gas,1618 cc,268.0,230.0,5.5,4.0,60750.0,45000.0
HYUNDAI,SANTA FE,Suv,Gas,1600 cc,253.0,180.0,9.3,7.0,67500.0,50000.0
HYUNDAI,IONIQ 5,Sedan,Electric,72.6 KWH,225.0,185.0,7.4,5.0,55350.0,41000.0
HYUNDAI,Santa Cruz,Sedan,Gas,2500 cc,281.0,215.0,6.5,5.0,55078.6,40799.0
HYUNDAI,Kona,Sedan,Gas,1591 cc,147.0,185.0,7.568661679135495,5.0,27675.0,20500.0
HYUNDAI,Elantra,Sedan,Gas,2000 cc,147.0,210.0,8.3,5.0,26932.5,19950.0
NISSAN,Urvan,Bus/truck,Gas,nan,2488.0,140.0,14.0,15.0,37800.0,28000.0
HYUNDAI,IONIQ 6,Sedan,Electric,53.6 kwh(Standard Range) / 77.4 kwh(Long Range),320.0,185.0,5.2,5.0,55957.5,41450.0
HYUNDAI,Tucson,Sedan,Gas,2500 cc,187.0,180.0,6.1,5.0,41175.0,30500.0
HYUNDAI,Palisade,Suv,Gas,3800 cc,291.0,240.0,6.3,7.0,70200.0,52000.0
HYUNDAI,Sonata,Sedan,Gas,2500 cc,191.0,240.0,8.0,5.0,33750.0,25000.0
HYUNDAI,Accent,Sedan,Gas,1600 cc,120.0,180.0,9.8,5.0,20250.0,15000.0
HYUNDAI,Venue,Sedan,Gas,1600 cc,121.0,180.0,9.5,5.0,24300.0,18000.0
HYUNDAI,KONA Electric,Sedan,Electric,39.2 kwh,200.0,200.0,6.1,5.0,54000.0,40000.0
HYUNDAI,Veloster,Sedan,Gas,2000 cc,275.0,220.0,6.0,4.0,33750.0,25000.0
HYUNDAI,NEXO,Sedan,Electric,1.56 kwh,161.0,180.0,7.8,5.0,51300.0,38000.0
HYUNDAI,Ioniq,Sedan,Hybrid,1600 cc,139.0,160.0,8.5,5.0,24300.0,18000.0
HYUNDAI,Genesis,Sedan,Gas,3800 cc,291.0,240.0,6.3,5.0,70200.0,52000.0
HYUNDAI,Azera,Sedan,Gas,3300 cc,278.0,240.0,6.5,5.0,74250.0,55000.0
HYUNDAI,Equus,Sedan,Gas,3300 cc,278.0,240.0,6.5,5.0,74250.0,55000.0
HYUNDAI,Tiburon,Sedan,Gas,2000 cc,160.0,200.0,8.2,4.0,25650.0,19000.0
HYUNDAI,Elantra GT,Sedan,Gas,2000 cc,160.0,200.0,8.3,5.0,29700.0,22000.0
Volkswagen,Golf,Sedan,Gas,1498 cc / 40 - 58 kWh,110.0,210.0,8.5,5.0,31050.0,23000.0
Volkswagen,Passat,Sedan,Gas,1984 cc,150.0,210.0,7.8,5.0,33750.0,25000.0
Volkswagen,Tiguan,Suv,Gas,1984 cc,150.0,209.0,8.5,7.0,38481.8,28505.0
Volkswagen,Jetta,Sedan,Gas,1498 cc,150.0,210.0,7.7,5.0,29693.3,21995.0
Volkswagen,Polo,Others,Gas,999 cc / 1598 cc,80.0,190.0,9.5,5.0,24300.0,18000.0
Volkswagen,Arteon,Sedan,Gas,1984 cc,150.0,250.0,5.6,5.0,62100.0,46000.0
Volkswagen,ID.4,Sedan,Electric,77 kWh,201.0,160.0,7.8,5.0,53642.2,39735.0
Volkswagen,Up!,Others,Gas,32.3 kWh,82.0,160.0,13.0,4.0,20250.0,15000.0
Volkswagen,Touareg,Sedan,Gas,2967 cc / 3956 cc,231.0,235.0,5.9,5.0,74250.0,55000.0
Volkswagen,Scirocco,Sedan,Gas,1984 cc,125.0,233.0,6.0,4.0,47250.0,35000.0
Volkswagen,Beetle,Sedan,Gas,1984 cc,105.0,205.0,7.0,4.0,27000.0,20000.0
Volkswagen,Amarok,Sedan,Gas,2967 cc,163.0,180.0,7.9,5.0,54000.0,40000.0
Volkswagen,T-Roc,Sedan,Gas,1984 cc,115.0,205.0,7.2,5.0,40500.0,30000.0
Volkswagen,Sharan,Suv,Gas,1984 cc,150.0,200.0,9.3,7.0,44550.0,33000.0
Volkswagen,Caddy,Suv,Gas,1498 cc,102.0,185.0,10.5,7.0,37800.0,28000.0
NISSAN,NV1500,Others,Gas,3954 cc,261.0,160.0,9.5,12.0,44550.0,33000.0
Volkswagen,Taigo,Others,Gas,1498 cc,95.0,183.0,10.0,5.0,32400.0,24000.0
Volkswagen,California,Suv,Gas,1984 cc,150.0,180.0,13.0,7.0,94500.0,70000.0
Volkswagen,ID.3,Sedan,Electric,58 - 77 kWh,204.0,160.0,7.3,5.0,47250.0,35000.0
Volkswagen,ID. Buzz,Suv,Electric,77 kWh,204.0,145.0,10.2,7.0,80993.2,59995.0
Volkswagen,Golf GTI,Sedan,Gas,1984 cc,245.0,250.0,5.9,5.0,43152.8,31965.0
Volkswagen,Golf R,Sedan,Gas,1984 cc,315.0,250.0,4.6,5.0,60264.0,44640.0
Volkswagen,Passat Alltrack,Sedan,Gas,1968 cc,190.0,220.0,7.8,5.0,48600.0,36000.0
Volkswagen,Polo GTI,Sedan,Gas,1984 cc,204.0,238.0,6.7,5.0,37800.0,28000.0
Volkswagen,Up! GTI,Sedan,Gas,999 cc,115.0,196.0,8.8,4.0,27000.0,20000.0
Volkswagen,T-Cross,Others,Gas,999 cc / 1498 cc,95.0,200.0,10.2,5.0,33750.0,25000.0
Volkswagen,ID.5,Sedan,Electric,77 kWh,174.0,180.0,8.4,5.0,60750.0,45000.0
Volkswagen,ID. Buzz Cargo,Sedan,Electric,77 kWh,204.0,145.0,10.2,3.0,74250.0,55000.0
Volkswagen,Touareg R,Sedan,Hybrid,2995 cc,462.0,250.0,5.1,5.0,94500.0,70000.0
Volkswagen,Multivan,Suv,Gas,1395 cc / 1968 cc,150.0,190.0,9.4,7.0,67500.0,50000.0
Volkswagen,Polo BlueMotion,Others,Gas,1199 cc,75.0,190.0,10.5,5.0,29700.0,22000.0
Volkswagen,Golf Sportsvan,Sedan,Gas,1498 cc,130.0,210.0,8.9,5.0,40500.0,30000.0
Volkswagen,Golf Alltrack,Sedan,Gas,1968 cc,147.0,210.0,7.1,5.0,47250.0,35000.0
Volkswagen,Scirocco R,Sports,Gas,1984 cc,280.0,250.0,5.5,4.0,54000.0,40000.0
Volkswagen,Tiguan Allspace,Suv,Gas,1984 cc,184.0,215.0,7.6,7.0,47250.0,35000.0
Volkswagen,Arteon 4MOTION,Sedan,Gas,1984 cc,190.0,250.0,5.6,5.0,64800.0,48000.0
Volkswagen,ID.4 GTX,Sedan,Electric,77 kWh,299.0,180.0,6.2,5.0,67500.0,50000.0
Volkswagen,ID.3 Pro,Sedan,Electric,58 kWh,204.0,160.0,7.3,5.0,47250.0,35000.0
Volkswagen,Golf Variant,Sedan,Gas,1498 cc / 1968 cc,130.0,220.0,7.5,5.0,43200.0,32000.0
Volkswagen,Crafter,Sedan,Gas,1968 cc,102.0,160.0,13.0,3.0,54000.0,40000.0
Volkswagen,Lupo,Others,Gas,1390 cc / 1199 cc,60.0,170.0,14.3,4.0,20250.0,15000.0
Volkswagen,Corrado,Sedan,Gas,2861 cc,190.0,235.0,6.4,4.0,33750.0,25000.0
Volkswagen,Phaeton,Sedan,Gas,2967 cc / 5998 cc,240.0,250.0,6.1,5.0,114750.0,85000.0
Volkswagen,Golf Cabriolet,Sedan,Gas,1197 cc / 1984 cc,105.0,217.0,8.4,4.0,40500.0,30000.0
Volkswagen,Santana,Sedan,Gas,1498 cc,110.0,190.0,12.9,5.0,20250.0,15000.0
Volkswagen,Polo Vivo,Others,Gas,1390 cc / 1598 cc,85.0,170.0,10.8,5.0,18900.0,14000.0
Volkswagen,Karmann Ghia,Others,Gas,1192 cc,34.0,138.0,23.0,2.0,33750.0,25000.0
Volkswagen,Fox,Others,Gas,1198 cc / 1390 cc,55.0,148.0,17.5,5.0,16200.0,12000.0
Volkswagen,Vento,Sedan,Gas,1598 cc,105.0,186.0,11.7,5.0,24300.0,18000.0
Volkswagen,Golf Electric,Sedan,Electric,35.8 kWh,136.0,140.0,10.4,5.0,44550.0,33000.0
Volkswagen,Bora,Sedan,Gas,1598 cc / 1896 cc,100.0,200.0,9.4,5.0,27000.0,20000.0
Volkswagen,Teramont,Suv,Gas,1984 cc / 3597 cc,235.0,190.0,8.6,7.0,43200.0,32000.0
Volkswagen,Taos,Sedan,Gas,1498 cc,158.0,193.0,8.4,5.0,32400.0,24000.0
Volkswagen,Up! Cabriolet,Others,Gas,999 cc,82.0,160.0,12.4,4.0,24300.0,18000.0
Volkswagen,T-Roc Cabriolet,Sedan,Gas,999 cc / 1498 cc,115.0,205.0,9.6,4.0,47250.0,35000.0
Volkswagen,Passat CC,Sedan,Gas,1984 cc,200.0,240.0,7.3,5.0,54000.0,40000.0
Volkswagen,Transporter,Bus/truck,Gas,1968 cc,102.0,180.0,12.2,9.0,47250.0,35000.0
Volkswagen,Amarok V6,Sedan,Gas,2967 cc,204.0,191.0,7.9,5.0,60750.0,45000.0
Volkswagen,ID.2,Sedan,Electric,~50 kWh (Estimate),170.0,160.0,8.0,5.0,33750.0,25000.0
Volkswagen,Polo TDI,Others,Gas,1390 cc / 1598 cc,75.0,190.0,9.9,5.0,27000.0,20000.0
Volkswagen,Golf GTE,Sedan,Hybrid,1395 cc + Electric Motor,204.0,222.0,7.6,5.0,54000.0,40000.0
Volkswagen,Touareg V8,Sedan,Gas,3956 cc,421.0,250.0,4.9,5.0,94500.0,70000.0
Volkswagen,Beetle Dune,Sedan,Gas,1395 cc,150.0,200.0,7.5,4.0,40500.0,30000.0
Volkswagen,Passat B8,Sedan,Gas,1498 cc / 1968 cc,150.0,210.0,8.7,5.0,37800.0,28000.0
Volkswagen,ID.4 Pro S,Sedan,Electric,77 kWh,201.0,180.0,7.8,5.0,60750.0,45000.0
Volkswagen,Golf Cabriolet,Sedan,Gas,1197 cc / 1984 cc,105.0,217.0,8.4,4.0,40500.0,30000.0
Volkswagen,Golf Country,Others,Gas,1781 cc,98.0,165.0,12.0,5.0,33750.0,25000.0
Volkswagen,Jetta GLI,Sedan,Gas,1984 cc,228.0,250.0,6.5,5.0,41850.0,31000.0
Volkswagen,Arteon Shooting Brake,Sedan,Gas,1984 cc,150.0,250.0,5.6,5.0,67500.0,50000.0
Volkswagen,T-Cross R-Line,Sedan,Gas,999 cc / 1498 cc,115.0,200.0,8.5,5.0,36450.0,27000.0
Volkswagen,Golf R32,Sedan,Gas,3189 cc,240.0,250.0,6.2,5.0,54000.0,40000.0
Volkswagen,Passat B7,Sedan,Gas,1598 cc / 1984 cc,120.0,220.0,8.5,5.0,35100.0,26000.0
Volkswagen,Scirocco 16V,Sedan,Gas,1781 cc,137.0,220.0,7.1,4.0,47250.0,35000.0
Volkswagen,Polo BlueMotion,Others,Gas,1199 cc,75.0,190.0,10.5,5.0,27000.0,20000.0
Volkswagen,Golf Variant GTD,Sedan,Gas,1968 cc,184.0,230.0,7.5,5.0,51300.0,38000.0
Volkswagen,Polo GTI R5,Sedan,Gas,1598 cc,272.0,200.0,4.1,5.0,60750.0,45000.0
Volkswagen,ID. Buzz Pro,Suv,Electric,77 kWh,204.0,145.0,10.2,7.0,81000.0,60000.0
Volkswagen,Jetta Hybrid,Sedan,Hybrid,1395 cc,170.0,210.0,8.6,5.0,37800.0,28000.0
Volkswagen,Golf Variant Alltrack,Sedan,Gas,1968 cc,150.0,220.0,7.8,5.0,47250.0,35000.0
Volkswagen,Volkswagen XL1,Others,Hybrid,800 cc + Electric Motor,68.0,160.0,11.9,2.0,202500.0,150000.0
Volkswagen,Golf TDI,Sedan,Gas,1968 cc,150.0,220.0,8.0,5.0,37800.0,28000.0
Volkswagen,Passat Variant,Sedan,Gas,1498 cc / 1968 cc,150.0,220.0,8.5,5.0,40500.0,30000.0
Volkswagen,Polo GTI Clubsport,Sedan,Gas,1984 cc,300.0,240.0,6.7,5.0,40500.0,30000.0
Volkswagen,Jetta Hybrid,Sedan,Hybrid,1395 cc,170.0,210.0,8.6,5.0,37800.0,28000.0
Volkswagen,ID.3 GTX,Sedan,Electric,77 kWh,299.0,180.0,6.2,5.0,60750.0,45000.0
Volkswagen,Arteon R-Line,Sedan,Gas,1984 cc,190.0,250.0,5.6,5.0,67500.0,50000.0
Volkswagen,Golf TGI,Sedan,Gas,1498 cc,130.0,220.0,8.8,5.0,40500.0,30000.0
Volkswagen,Scirocco GTS,Sports,Gas,1984 cc,220.0,246.0,6.5,4.0,47250.0,35000.0
Volkswagen,Caddy Maxi,Suv,Gas,1968 cc,122.0,180.0,12.0,7.0,33750.0,25000.0
Volkswagen,Volkswagen Lupo 3L,Others,Gas,1199 cc,61.0,165.0,14.5,4.0,27000.0,20000.0
Volkswagen,Polo Beats,Others,Gas,999 cc,95.0,187.0,9.5,5.0,29700.0,22000.0
Volkswagen,Passat Hybrid,Sedan,Hybrid,1395 cc,215.0,210.0,7.4,5.0,43200.0,32000.0
Volkswagen,Golf TCR,Sedan,Gas,1984 cc,290.0,250.0,5.6,5.0,54000.0,40000.0
Volkswagen,Tiguan R-Line,Sedan,Gas,1984 cc,190.0,250.0,4.9,5.0,60750.0,45000.0
Volkswagen,Sharan Business,Bus/truck,Gas,1968 cc,150.0,200.0,8.3,7.0,47250.0,35000.0
Volkswagen,ID. Buzz Cargo Pro,Coupe,Electric,77 kWh,204.0,145.0,10.2,2.0,74250.0,55000.0
Volkswagen,Arteon 280 TSI,Sedan,Gas,1984 cc,280.0,250.0,5.6,5.0,67500.0,50000.0
Volkswagen,Jetta GLI 35th,Sedan,Gas,1984 cc,228.0,250.0,6.5,5.0,41850.0,31000.0
Volkswagen,Beetle Final Edition,Sedan,Gas,1984 cc,174.0,205.0,7.0,4.0,33750.0,25000.0
Volkswagen,Golf Variant TDI,Sedan,Gas,1968 cc,150.0,220.0,7.8,5.0,40500.0,30000.0
Volkswagen,Golf 4MOTION,Sedan,Gas,1968 cc,150.0,250.0,4.9,5.0,54000.0,40000.0
Volkswagen,Jetta SportWagen,Sedan,Gas,1395 cc / 1968 cc,147.0,200.0,8.5,5.0,36450.0,27000.0
Volkswagen,Polo GTI Plus,Sedan,Gas,1984 cc,207.0,237.0,6.7,5.0,40500.0,30000.0
Volkswagen,Touareg V6,Sedan,Gas,2967 cc,231.0,235.0,7.5,5.0,81000.0,60000.0
Volkswagen,Tiguan eHybrid,Sedan,Hybrid,1395 cc + Battery,245.0,200.0,7.5,5.0,56700.0,42000.0
Volkswagen,Up! e-up!,Others,Electric,32.3 kWh,83.0,130.0,11.9,4.0,31050.0,23000.0
Volkswagen,Amarok V8,Sedan,Gas,3996 cc,310.0,210.0,7.4,5.0,94500.0,70000.0
Volkswagen,Golf R Cabriolet,Sports,Gas,1984 cc,265.0,250.0,5.9,4.0,60750.0,45000.0
Volkswagen,Passat Alltrack TDI,Sedan,Gas,1968 cc,190.0,220.0,8.0,5.0,54000.0,40000.0
Volkswagen,ID. Buzz Cargo EV,Coupe,Electric,77 kWh,204.0,145.0,10.2,2.0,74250.0,55000.0
NISSAN,Versa,Sedan,Gas,1598 cc,122.0,180.0,10.4,5.0,22545.0,16700.0
NISSAN,Micra,Sedan,Gas,999 cc,100.0,175.0,10.8,5.0,20925.0,15500.0
NISSAN,Patrol Platinum,Suv,Gas,5552 cc,400.0,210.0,7.3,7.0,103950.0,77000.0
NISSAN,Qashqai,Sedan,Gas,1332 cc,156.0,195.0,8.9,5.0,35100.0,26000.0
NISSAN,Murano,Sedan,Gas,3498 cc,260.0,210.0,7.5,5.0,52650.0,39000.0
NISSAN,Maxima Platinum,Sedan,Gas,3498 cc,300.0,220.0,6.2,5.0,60750.0,45000.0
NISSAN,Armada,Others,Gas,5552 cc,400.0,210.0,6.5,8.0,68850.0,51000.0
NISSAN,Kicks,Sedan,Gas,1598 cc,122.0,180.0,10.7,5.0,27000.0,20000.0
NISSAN,X-Trail,Sedan,Hybrid,1498 cc,201.0,200.0,8.0,5.0,39150.0,29000.0
NISSAN,Z (Fairlady Z),Sports,Gas,2997 cc,400.0,250.0,4.5,2.0,54000.0,40000.0
NISSAN,Almera,Sedan,Gas,999 cc,100.0,185.0,10.7,5.0,19575.0,14500.0
NISSAN,Sylphy,Sedan,Gas,1798 cc,137.0,190.0,9.6,5.0,24300.0,18000.0
NISSAN,Note,Sedan,Hybrid,1198 cc,109.0,170.0,11.5,5.0,21600.0,16000.0
NISSAN,Sunny,Sedan,Gas,1598 cc,118.0,180.0,11.0,5.0,20250.0,15000.0
NISSAN,Cube,Sedan,Gas,1798 cc,122.0,175.0,10.6,5.0,19575.0,14500.0
NISSAN,Juke,Sedan,Gas,999 cc,117.0,180.0,10.4,5.0,33750.0,25000.0
NISSAN,Terrano,Sedan,Gas,1461 cc,110.0,168.0,13.5,5.0,20925.0,15500.0
NISSAN,Magnite,Sedan,Gas,999 cc,100.0,160.0,13.0,5.0,16200.0,12000.0
NISSAN,Xterra,Suv,Gas,3954 cc,261.0,200.0,7.8,7.0,47250.0,35000.0
NISSAN,Patrol,Suv,Gas,5552 cc,400.0,210.0,7.3,7.0,103950.0,77000.0
NISSAN,GT-R NISMO,Sports,Gas,3799 cc,600.0,330.0,2.9,2.0,297000.0,220000.0
NISSAN,370Z Roadster,Sports,Gas,3696 cc,332.0,250.0,5.5,2.0,56457.0,41820.0
NISSAN,Ariya ,Sedan,Electric,87 kWh,389.0,200.0,5.1,5.0,79582.5,58950.0
NISSAN,Patrol Royale,Suv,Gas,5552 cc,400.0,210.0,6.6,7.0,114750.0,85000.0
NISSAN,Infiniti QX80*,Suv,Gas,5552 cc,400.0,210.0,6.5,7.0,95310.0,70600.0
NISSAN,Tiida,Sedan,Gas,1598 cc,126.0,190.0,10.1,5.0,19575.0,14500.0
NISSAN,Pulsar,Sedan,Gas,1197 cc,115.0,190.0,10.7,5.0,25650.0,19000.0
NISSAN,Latio,Sedan,Gas,1498 cc,102.0,175.0,11.5,5.0,17550.0,13000.0
NISSAN,Bluebird Sylphy,Sedan,Gas,1997 cc,133.0,185.0,10.5,5.0,24975.0,18500.0
NISSAN,March,Others,Gas,1198 cc,79.0,170.0,13.7,5.0,16200.0,12000.0
NISSAN,Rogue Sport,Sedan,Gas,1997 cc,141.0,190.0,9.8,5.0,33696.0,24960.0
NISSAN,X-Trail Hybrid,Sedan,Hybrid,1997 cc,179.0,180.0,9.4,5.0,38475.0,28500.0
NISSAN,Pathfinder Rock Creek,Suv,Gas,3498 cc,284.0,190.0,7.4,7.0,57807.0,42820.0
NISSAN,Armada Platinum,Others,Gas,5552 cc,400.0,210.0,6.5,8.0,88155.0,65300.0
NISSAN,Terrano XL,Sedan,Gas,1598 cc,104.0,165.0,12.5,5.0,18900.0,14000.0
NISSAN,GT-R50 by Italdesign,Sports,Gas,3799 cc,720.0,315.0,2.5,2.0,1485000.0,1100000.0
NISSAN,370Z NISMO,Sports,Gas,3696 cc,350.0,250.0,5.2,2.0,61816.5,45790.0
NISSAN,Ariya E-4ORCE,Sedan,Electric,87 kWh,389.0,200.0,5.1,5.0,81000.0,60000.0
NISSAN,Patrol NISMO,Suv,Gas,5552 cc,428.0,210.0,6.5,7.0,141750.0,105000.0
NISSAN,Infiniti Q60*,Sports,Gas,2997 cc,300.0,250.0,5.0,4.0,56362.5,41750.0
NISSAN,Primera,Sedan,Gas,1998 cc,140.0,200.0,9.6,5.0,27000.0,20000.0
NISSAN,Skyline,Sedan,Gas,2997 cc,400.0,250.0,5.0,5.0,67500.0,50000.0
NISSAN,Cedric,Sedan,Gas,1998 cc,150.0,190.0,10.5,5.0,29700.0,22000.0
NISSAN,Gloria,Sedan,Gas,2498 cc,210.0,210.0,8.6,5.0,40500.0,30000.0
NISSAN,Stanza,Sedan,Gas,1796 cc,120.0,175.0,11.0,5.0,24975.0,18500.0
NISSAN,Patrol Super Safari,Suv,Gas,4750 cc,280.0,190.0,8.2,7.0,74250.0,55000.0
NISSAN,Pathfinder Hybrid,Suv,Hybrid,2488 cc,250.0,190.0,7.7,7.0,57375.0,42500.0
NISSAN,X-Terra Pro-4X,Suv,Gas,2498 cc,190.0,175.0,10.8,7.0,54000.0,40000.0
NISSAN,Rogue Platinum,Sedan,Gas,1497 cc,201.0,180.0,8.2,5.0,51300.0,38000.0
NISSAN,Qashqai Tekna,Sedan,Hybrid,1332 cc,158.0,190.0,9.2,5.0,48600.0,36000.0
NISSAN,GT-R V-Spec,Sports,Gas,3799 cc,600.0,330.0,2.8,2.0,236250.0,175000.0
NISSAN,Skyline NISMO,Sedan,Gas,2997 cc,420.0,270.0,4.7,5.0,74250.0,55000.0
NISSAN,Ariya Lounge Edition,Sedan,Electric,87 kWh,389.0,200.0,5.1,5.0,85050.0,63000.0
NISSAN,Patrol Titanium,Suv,Gas,5552 cc,428.0,210.0,6.5,7.0,132300.0,98000.0
NISSAN,Infiniti FX50*,Sedan,Gas,5026 cc,390.0,250.0,5.6,5.0,83362.5,61750.0
NISSAN,Avenir,Sedan,Gas,1998 cc,140.0,180.0,9.8,5.0,27000.0,20000.0
NISSAN,Wingroad,Sedan,Gas,1798 cc,125.0,175.0,10.8,5.0,24300.0,18000.0
NISSAN,Presea,Sedan,Gas,1838 cc,115.0,170.0,11.5,5.0,23625.0,17500.0
NISSAN,Leopard,Sedan,Gas,2960 cc,210.0,200.0,8.4,5.0,43200.0,32000.0
NISSAN,Sunny NISMO Edition,Sedan,Gas,1598 cc,190.0,200.0,7.5,5.0,32400.0,24000.0
NISSAN,Paladin,Sedan,Gas,2438 cc,150.0,180.0,10.6,5.0,27000.0,20000.0
NISSAN,Hardbody SUV,Sedan,Gas,2498 cc,158.0,175.0,11.0,5.0,24975.0,18500.0
NISSAN,Patrol Desert Edition,Suv,Gas,5552 cc,428.0,210.0,6.5,7.0,128250.0,95000.0
NISSAN,Pathfinder Armada,Suv,Gas,5552 cc,400.0,200.0,6.5,7.0,81000.0,60000.0
NISSAN,Rogue Midnight Edition,Sedan,Gas,1497 cc,201.0,180.0,8.2,5.0,52650.0,39000.0
NISSAN,GT-R Black Edition,Sports,Gas,3799 cc,600.0,330.0,2.8,2.0,249750.0,185000.0
NISSAN,Fairlady Z Heritage,Sports,Gas,2997 cc,400.0,250.0,4.2,2.0,64800.0,48000.0
NISSAN,Skyline GT-R R34,Sports,Gas,2568 cc,276.0,250.0,5.6,4.0,94500.0,70000.0
NISSAN,Ariya Premiere,Sedan,Electric,87 kWh,389.0,200.0,5.1,5.0,90450.0,67000.0
NISSAN,Infiniti QX55*,Sedan,Gas,1997 cc,268.0,230.0,6.5,5.0,67500.0,50000.0
NISSAN,NV350 Caravan,Bus/truck,Gas,2488 cc,129.0,155.0,12.5,8.0,37800.0,28000.0
NISSAN,Navara,Sedan,Gas,2298 cc,190.0,180.0,10.2,5.0,43200.0,32000.0
NISSAN,Titan XD,Suv,Gas,5552 cc,400.0,195.0,6.9,6.0,74250.0,55000.0
NISSAN,Evalia,Others,Gas,1461 cc,85.0,140.0,15.0,7.0,33750.0,25000.0
NISSAN,Cabstar,Sedan,Gas,2488 cc,130.0,145.0,14.8,3.0,36450.0,27000.0
NISSAN,Cherry,Others,Gas,1397 cc,67.0,145.0,14.0,5.0,18900.0,14000.0
NISSAN,Laurel,Others,Gas,2825 cc,94.0,160.0,12.5,5.0,29700.0,22000.0
NISSAN,Silvia,Sedan,Gas,1998 cc,247.0,235.0,5.9,4.0,60750.0,45000.0
NISSAN,NX Coupe,Coupe,Gas,1998 cc,140.0,200.0,9.0,4.0,29700.0,22000.0
NISSAN,AD Wagon,Sedan,Gas,1498 cc,105.0,165.0,12.3,5.0,21600.0,16000.0
NISSAN,Patrol Super Safari Y61,Suv,Gas,4750 cc,280.0,190.0,8.2,7.0,78300.0,58000.0
NISSAN,Pathfinder Rock Creek Edition,Suv,Gas,3498 cc,284.0,195.0,7.2,7.0,59400.0,44000.0
NISSAN,Terrano II,Sedan,Gas,2664 cc,125.0,160.0,12.9,5.0,37800.0,28000.0
NISSAN,Murano CrossCabriolet,Sedan,Gas,3498 cc,260.0,195.0,7.6,4.0,63450.0,47000.0
NISSAN,X-Trail Tekna,Sedan,Hybrid,1497 cc,204.0,190.0,8.0,5.0,58050.0,43000.0
NISSAN,GT-R LM NISMO,Sports,Hybrid,3000 cc,500.0,320.0,3.0,2.0,810000.0,600000.0
NISSAN,Skyline 400R,Sedan,Gas,2997 cc,400.0,250.0,4.5,5.0,94500.0,70000.0
NISSAN,Infiniti G37*,Sedan,Gas,3696 cc,328.0,250.0,5.5,5.0,56700.0,42000.0
NISSAN,Patrol Black Edition,Suv,Gas,5552 cc,400.0,200.0,6.5,7.0,114750.0,85000.0
NISSAN,Ariya Empower+,Sedan,Electric,87 kWh,389.0,200.0,5.1,5.0,91800.0,68000.0
NISSAN,Datsun 510 (Classic),Others,Gas,1595 cc,96.0,175.0,10.2,4.0,33750.0,25000.0
NISSAN,200SX,Sports,Gas,1998 cc,200.0,240.0,7.2,4.0,40500.0,30000.0
NISSAN,300ZX,Sports,Gas,2960 cc,300.0,250.0,5.9,4.0,67500.0,50000.0
NISSAN,R390 GT1 Road Car,Sports,Gas,3495 cc,550.0,354.0,3.3,2.0,1350000.0,1000000.0
NISSAN,Figaro,Others,Gas,987 cc,76.0,170.0,12.8,4.0,27000.0,20000.0
NISSAN,Hardbody Truck,Sedan,Gas,2389 cc,134.0,160.0,10.6,5.0,33750.0,25000.0
NISSAN,Atlas,Sedan,Gas,2999 cc,130.0,130.0,18.0,3.0,47250.0,35000.0
NISSAN,Clipper,Others,Gas,659 cc,48.0,110.0,18.5,4.0,13500.0,10000.0
NISSAN,NV200,Suv,Gas,1998 cc,131.0,140.0,14.0,7.0,37800.0,28000.0
NISSAN,Violet,Others,Gas,1770 cc,85.0,155.0,13.8,5.0,24300.0,18000.0
NISSAN,Bluebird Z,Sedan,Gas,1998 cc,140.0,190.0,11.0,5.0,31050.0,23000.0
NISSAN,Stanza Wagon,Suv,Gas,2389 cc,138.0,160.0,12.0,7.0,29700.0,22000.0
NISSAN,180SX,Sports,Gas,1998 cc,205.0,240.0,6.8,4.0,47250.0,35000.0
NISSAN,Sunny California,Sedan,Gas,1597 cc,110.0,170.0,11.0,5.0,24300.0,18000.0
NISSAN,Patrol Warrior,Suv,Gas,5552 cc,428.0,205.0,6.3,7.0,128250.0,95000.0
NISSAN,Pathfinder Armada Platinum,Suv,Gas,5552 cc,400.0,190.0,6.8,7.0,94500.0,70000.0
NISSAN,Rogue Sport SL,Sedan,Gas,1998 cc,141.0,190.0,9.0,5.0,43200.0,32000.0
NISSAN,X-Trail Platinum Edition,Sedan,Hybrid,1497 cc,204.0,190.0,8.0,5.0,62100.0,46000.0
NISSAN,Qashqai e-Power,Sedan,Hybrid,1497 cc,187.0,200.0,7.5,5.0,54000.0,40000.0
NISSAN,GT-R Egoist,Sports,Gas,3799 cc,565.0,315.0,2.8,2.0,297000.0,220000.0
NISSAN,Infiniti M45*,Sedan,Gas,4494 cc,325.0,250.0,5.8,5.0,67500.0,50000.0
NISSAN,Skyline 50th Anniversary,Sedan,Gas,2997 cc,400.0,250.0,4.5,5.0,101250.0,75000.0
NISSAN,Ariya Dual Motor AWD,Sedan,Electric,87 kWh,389.0,200.0,5.1,5.0,94500.0,70000.0
NISSAN,Patrol Legend Edition,Suv,Gas,5552 cc,428.0,205.0,6.3,7.0,128250.0,95000.0
NISSAN,Datsun 240Z (Classic),Sedan,Gas,2393 cc,151.0,210.0,8.0,2.0,60750.0,45000.0
NISSAN,100NX,Sedan,Gas,1597 cc,110.0,185.0,9.6,4.0,24300.0,18000.0
NISSAN,Cedric Special Edition,Sedan,Gas,2960 cc,250.0,225.0,8.5,5.0,81000.0,60000.0
NISSAN,300ZX Turbo,Sports,Gas,2960 cc,300.0,250.0,5.9,4.0,74250.0,55000.0
NISSAN,Silvia S15 Spec-R,Sports,Gas,1998 cc,250.0,240.0,5.6,4.0,47250.0,35000.0
NISSAN,NV400,Sedan,Gas,2298 cc,135.0,150.0,15.0,3.0,54000.0,40000.0
NISSAN,Titan Warrior,Sedan,Gas,5552 cc,400.0,180.0,7.0,5.0,74250.0,55000.0
NISSAN,Caravan Coach,Suv,Gas,2498 cc,127.0,140.0,14.0,7.0,40500.0,30000.0
NISSAN,Serena e-Power,Suv,Hybrid,1198 cc,134.0,160.0,12.0,7.0,47250.0,35000.0
NISSAN,Elgrand,Suv,Gas,3498 cc,280.0,200.0,8.5,7.0,67500.0,50000.0
NISSAN,Datsun 510,Others,Gas,1595 cc,96.0,175.0,10.2,4.0,33750.0,25000.0
NISSAN,Prairie,Sedan,Gas,1998 cc,120.0,175.0,11.0,5.0,24300.0,18000.0
NISSAN,Pulsar GTI-R,Sedan,Gas,1998 cc,230.0,225.0,6.0,5.0,40500.0,30000.0
NISSAN,Almera Tino,Sedan,Gas,1769 cc,114.0,180.0,12.5,5.0,20250.0,15000.0
NISSAN,Lucino,Sedan,Gas,1597 cc,115.0,185.0,10.5,5.0,16200.0,12000.0
NISSAN,Rasheen,Sedan,Gas,1497 cc,105.0,165.0,13.0,5.0,13500.0,10000.0
NISSAN,Mistral,Suv,Gas,2663 cc,125.0,160.0,12.5,7.0,33750.0,25000.0
NISSAN,Patrol Y60,Suv,Gas,4169 cc,155.0,160.0,12.0,7.0,60750.0,45000.0
NISSAN,X-Trail GT,Sedan,Gas,1998 cc,280.0,215.0,6.4,5.0,51300.0,38000.0
NISSAN,Terrano Regulus,Sedan,Gas,3275 cc,170.0,175.0,10.0,5.0,37800.0,28000.0
NISSAN,President,Sedan,Gas,4494 cc,280.0,210.0,7.5,5.0,94500.0,70000.0
NISSAN,Cima,Sedan,Gas,4130 cc,270.0,210.0,8.0,5.0,81000.0,60000.0
NISSAN,Leopard J. Ferie,Sedan,Gas,2960 cc,255.0,215.0,6.5,5.0,60750.0,45000.0
NISSAN,Gloria Gran Turismo,Sedan,Gas,2960 cc,255.0,220.0,6.5,5.0,67500.0,50000.0
NISSAN,Infiniti Q45*,Sedan,Gas,4494 cc,340.0,240.0,6.2,5.0,67500.0,50000.0
NISSAN,Datsun 240Z,Sedan,Gas,2393 cc,151.0,210.0,8.0,2.0,60750.0,45000.0
NISSAN,280ZX,Sedan,Gas,2753 cc,145.0,205.0,9.5,2.0,47250.0,35000.0
NISSAN,Silvia S13,Sedan,Gas,1809 cc,175.0,215.0,6.8,4.0,27000.0,20000.0
NISSAN,200SX,Sedan,Gas,1998 cc,200.0,225.0,7.0,4.0,33750.0,25000.0
NISSAN,NX Coupe,Coupe,Gas,1839 cc,140.0,200.0,9.0,4.0,24300.0,18000.0
NISSAN,NV2500,Coupe,Gas,3954 cc,261.0,160.0,10.0,2.0,48600.0,36000.0
NISSAN,NV3500,Sports,Gas,5552 cc,375.0,170.0,9.0,2.0,56700.0,42000.0
NISSAN,NT400 Cabstar,Sedan,Gas,2953 cc,150.0,140.0,15.0,3.0,47250.0,35000.0
Porsche,Panamera,Sports,Gas,2894 cc,330.0,270.0,5.6,4.0,118800.0,88000.0
Porsche,Panamera 4,Sports,Gas,2894 cc,330.0,270.0,5.4,4.0,124200.0,92000.0
Porsche,Panamera 4S,Sports,Gas,2894 cc,440.0,289.0,4.4,4.0,141750.0,105000.0
Porsche,Panamera Turbo S,Sports,Gas,3996 cc,620.0,315.0,3.1,4.0,243000.0,180000.0
Porsche,Panamera GTS,Sports,Gas,3996 cc,473.0,300.0,3.9,4.0,175500.0,130000.0
Porsche,Panamera Platinum Edition,Sports,Gas,2894 cc,330.0,270.0,5.4,4.0,137700.0,102000.0
Porsche,Panamera E-Hybrid,Sports,Gas,17.9 kWh Battery,455.0,280.0,4.4,4.0,155250.0,115000.0
Porsche,Panamera 4 E-Hybrid Sport Turismo,Sports,Gas,17.9 kWh Battery,455.0,280.0,4.4,4.0,162000.0,120000.0
Porsche,Panamera Turbo S E-Hybrid,Sports,Gas,17.9 kWh Battery,690.0,315.0,3.2,4.0,256500.0,190000.0
Porsche,Panamera 4 Executive,Sports,Gas,2894 cc,330.0,270.0,5.6,4.0,128250.0,95000.0
Porsche,Cayenne,Sedan,Gas,2995 cc,335.0,245.0,5.9,5.0,108000.0,80000.0
Porsche,Cayenne Coupe,Coupe,Gas,2995 cc,335.0,245.0,6.0,5.0,114750.0,85000.0
Porsche,Cayenne S,Sedan,Gas,2894 cc,434.0,265.0,5.0,5.0,128250.0,95000.0
Porsche,Cayenne Turbo,Sports,Gas,3996 cc,541.0,286.0,4.0,5.0,175500.0,130000.0
Porsche,Cayenne GTS,Sedan,Gas,3996 cc,453.0,270.0,4.5,5.0,148500.0,110000.0
Porsche,Cayenne Turbo S E-Hybrid,Sports,Gas,17.9 kWh Battery,670.0,295.0,3.6,5.0,229500.0,170000.0
Porsche,Macan,Sedan,Gas,1984 cc,261.0,232.0,6.2,5.0,81000.0,60000.0
Porsche,Macan S,Sedan,Gas,2894 cc,375.0,259.0,4.8,5.0,101250.0,75000.0
Porsche,Macan GTS,Sedan,Gas,2894 cc,434.0,272.0,4.5,5.0,114750.0,85000.0
Porsche,Macan T,Sedan,Gas,1984 cc,261.0,232.0,6.2,5.0,87750.0,65000.0
Porsche,911 Carrera,Sports,Gas,2981 cc,379.0,293.0,4.2,4.0,148500.0,110000.0
Porsche,911 Carrera S,Sports,Gas,2981 cc,443.0,308.0,3.5,4.0,177255.0,131300.0
Porsche,911 Carrera 4,Sports,Gas,2981 cc,379.0,293.0,4.2,4.0,143775.0,106500.0
Porsche,911 Carrera 4S,Sports,Gas,2981 cc,443.0,306.0,3.4,4.0,152955.0,113300.0
Porsche,911 Targa 4,Sports,Gas,2981 cc,379.0,289.0,4.4,4.0,163755.0,121300.0
Porsche,911 Turbo,Sports,Gas,3745 cc,572.0,320.0,2.7,4.0,266220.0,197200.0
Porsche,911 Turbo S,Sports,Gas,3745 cc,640.0,330.0,2.6,4.0,311040.0,230400.0
Porsche,911 GT3,Sports,Gas,3996 cc,502.0,318.0,3.4,2.0,217485.0,161100.0
Porsche,911 GT3 RS,Sports,Gas,3996 cc,518.0,296.0,3.2,2.0,325755.0,241300.0
Porsche,911 Dakar,Sports,Gas,2981 cc,473.0,240.0,3.4,2.0,299700.0,222000.0
Porsche,Taycan,Sedan,Electric,79.2 kWh,402.0,230.0,5.4,4.0,117045.0,86700.0
Porsche,Taycan 4S,Sports,Electric,79.2 kWh,522.0,250.0,4.0,4.0,140130.0,103800.0
Porsche,Taycan Turbo,Sports,Electric,93.4 kWh,670.0,260.0,3.2,4.0,203715.0,150900.0
Porsche,Taycan Turbo S,Sports,Electric,93.4 kWh,750.0,260.0,2.8,4.0,249750.0,185000.0
Porsche,Taycan GTS,Sports,Electric,93.4 kWh,590.0,250.0,3.5,4.0,179212.5,132750.0
Porsche,Taycan Cross Turismo,Sedan,Electric,93.4 kWh,469.0,220.0,4.8,5.0,131895.0,97700.0
Porsche,Taycan Sport Turismo,Sedan,Electric,79.2 kWh,509.0,240.0,4.1,5.0,140400.0,104000.0
Porsche,718 Cayman,Sports,Gas,1988 cc,300.0,275.0,4.9,2.0,85590.0,63400.0
Porsche,718 Cayman S,Sports,Gas,2497 cc,350.0,285.0,4.4,2.0,101790.0,75400.0
Porsche,718 Cayman GT4,Sports,Gas,3995 cc,414.0,302.0,4.2,2.0,135270.0,100200.0
Porsche,718 Cayman GT4 RS,Sports,Gas,3996 cc,493.0,315.0,3.2,2.0,191295.0,141700.0
Porsche,718 Boxster,Sports,Gas,1988 cc,300.0,275.0,4.9,2.0,88425.0,65500.0
Porsche,718 Boxster T,Sports,Gas,1988 cc,300.0,275.0,4.7,2.0,93960.0,69600.0
Porsche,718 Boxster GTS,Sports,Gas,3995 cc,394.0,293.0,4.3,2.0,121905.0,90300.0
Porsche,718 Spyder,Sports,Gas,3995 cc,414.0,301.0,4.1,2.0,132705.0,98300.0
Porsche,Panamera Base,Sports,Gas,2894 cc,325.0,265.0,5.6,4.0,124605.0,92300.0
Porsche,Panamera 4 E-Hybrid,Sports,Hybrid,2894 cc,462.0,280.0,4.4,4.0,152955.0,113300.0
Porsche,Panamera 4 Sport Turismo,Sports,Gas,2894 cc,325.0,265.0,5.5,4.0,136890.0,101400.0
Porsche,Panamera Turbo S E-Hybrid Sport Turismo,Sports,Hybrid,3996 cc,690.0,315.0,3.2,4.0,270270.0,200200.0
Porsche,Panamera 4S E-Hybrid Executive,Sports,Hybrid,2894 cc,560.0,295.0,3.7,4.0,174015.0,128900.0
Porsche,Panamera Platinum Edition,Sports,Gas,2894 cc,325.0,265.0,5.6,4.0,132705.0,98300.0
Porsche,Panamera GTS Sport Turismo,Sports,Gas,3996 cc,473.0,300.0,3.9,4.0,184815.0,136900.0
Porsche,Panamera Turbo Executive,Sports,Gas,3996 cc,550.0,306.0,3.8,4.0,236520.0,175200.0
Porsche,Panamera Turbo S Exclusive Series,Sports,Gas,3996 cc,570.0,310.0,3.8,4.0,391500.0,290000.0
Porsche,Panamera 4S ,Sports,Gas,2894 cc,443.0,289.0,4.1,4.0,141750.0,105000.0
Porsche,Macan Base,Sedan,Gas,1984 cc,265.0,232.0,6.4,5.0,78300.0,58000.0
Porsche,Macan T,Sedan,Gas,1984 cc,265.0,233.0,6.2,5.0,85050.0,63000.0
Porsche,Macan S,Sedan,Gas,2894 cc,375.0,259.0,4.6,5.0,95040.0,70400.0
Porsche,Macan GTS,Sedan,Gas,2894 cc,434.0,272.0,4.3,5.0,111915.0,82900.0
Porsche,Macan EV ,Sports,Electric,95 kWh,603.0,240.0,4.0,5.0,114750.0,85000.0
Porsche,Cayenne Base,Sedan,Gas,2995 cc,335.0,245.0,5.9,5.0,97470.0,72200.0
Porsche,Cayenne E-Hybrid,Sedan,Hybrid,2995 cc,455.0,253.0,4.8,5.0,122850.0,91000.0
Porsche,Cayenne S Coupe,Sports,Gas,2894 cc,434.0,263.0,4.7,4.0,127305.0,94300.0
Porsche,Cayenne Turbo GT,Sports,Gas,3996 cc,631.0,300.0,3.3,4.0,245902.5,182150.0
Porsche,Cayenne Platinum Edition,Sedan,Gas,2995 cc,335.0,245.0,5.8,5.0,106650.0,79000.0
Porsche,Cayenne Turbo S E-Hybrid Coupe,Sports,Hybrid,3996 cc,670.0,295.0,3.6,4.0,226530.0,167800.0
Porsche,Cayenne GTS Coupe,Sports,Gas,3996 cc,453.0,270.0,4.5,4.0,150120.0,111200.0
Porsche,Cayenne Diesel (Regional Markets),Sedan,Gas,2967 cc,262.0,221.0,7.3,5.0,93150.0,69000.0
Porsche,Cayenne S Hybrid,Sedan,Hybrid,2995 cc,380.0,242.0,6.5,5.0,115425.0,85500.0
Porsche,Cayenne Coupe Turbo E-Hybrid,Sports,Hybrid,3996 cc,728.0,295.0,3.6,4.0,246915.0,182900.0
Porsche,Taycan Base,Sedan,Electric,79.2 kWh,321.0,230.0,5.4,4.0,117045.0,86700.0
Cadillac,CT4,Sedan,Gas,2000 cc,237.0,250.0,6.0,5.0,46433.2,34395.0
Cadillac,CT4-V,Sedan,Gas,2700 cc,325.0,260.0,4.9,5.0,62903.3,46595.0
Cadillac,CT5,Sedan,Gas,2000 cc,237.0,240.0,6.6,5.0,51563.2,38195.0
Cadillac,CT5-V,Sedan,Gas,3000 cc,360.0,250.0,4.6,5.0,68843.2,50995.0
Porsche,Taycan Cross Turismo 4,Sports,Electric,93.4 kWh,375.0,240.0,5.1,4.0,127980.0,94800.0
Porsche,Taycan Cross Turismo GTS,Sports,Electric,93.4 kWh,590.0,250.0,3.8,4.0,188190.0,139400.0
Porsche,Taycan Sport Turismo Base,Sedan,Electric,79.2 kWh,375.0,230.0,5.4,4.0,122175.0,90500.0
Porsche,Taycan Sport Turismo GTS,Sports,Electric,93.4 kWh,590.0,250.0,3.7,4.0,184545.0,136700.0
Porsche,Taycan Turbo S Cross Turismo,Sports,Electric,93.4 kWh,750.0,260.0,2.9,4.0,256500.0,190000.0
Porsche,911 Carrera Base,Sports,Gas,2981 cc,379.0,293.0,4.2,4.0,143235.0,106100.0
Porsche,911 Carrera S Cabriolet,Sports,Gas,2981 cc,443.0,304.0,3.9,4.0,175365.0,129900.0
Porsche,911 Carrera 4,Sports,Gas,2981 cc,379.0,293.0,4.4,4.0,152955.0,113300.0
Porsche,911 Carrera 4 GTS,Sports,Gas,2981 cc,473.0,311.0,3.3,4.0,184950.0,137000.0
Porsche,911 Targa 4 GTS,Sports,Gas,2981 cc,473.0,307.0,3.5,4.0,212355.0,157300.0
Porsche,911 Turbo Cabriolet,Sports,Gas,3745 cc,572.0,320.0,2.9,4.0,248535.0,184100.0
Porsche,911 Turbo S Coupe,Sports,Gas,3745 cc,640.0,330.0,2.7,4.0,279450.0,207000.0
Porsche,911 GT3 Touring,Sports,Gas,3996 cc,502.0,318.0,3.9,2.0,229500.0,170000.0
Porsche,911 GT3 RS Clubsport,Sports,Gas,3996 cc,525.0,296.0,3.2,2.0,302130.0,223800.0
Porsche,911 Dakar Limited Edition,Sports,Gas,2981 cc,473.0,240.0,3.4,4.0,299700.0,222000.0
Porsche,911 Carrera GTS Lightweight,Sports,Gas,2981 cc,473.0,311.0,3.2,4.0,196155.0,145300.0
Porsche,911 Targa 4 Lightweight,Sports,Gas,2981 cc,379.0,289.0,4.3,4.0,182925.0,135500.0
Porsche,911 Turbo Exclusive Series,Sports,Gas,3745 cc,607.0,330.0,2.9,4.0,348300.0,258000.0
Porsche,911 GT2 RS,Sports,Gas,3745 cc,700.0,340.0,2.8,2.0,395820.0,293200.0
Porsche,911 GT3 Cup,Sports,Gas,3996 cc,510.0,290.0,3.4,1.0,330750.0,245000.0
Porsche,911 GT4 RS,Sports,Gas,3996 cc,500.0,315.0,3.4,2.0,299700.0,222000.0
Porsche,911 RSR (Motorsport Edition),Sports,Gas,4194 cc,515.0,296.0,3.1,1.0,1012500.0,750000.0
Porsche,911 Sport Turismo,Sports,Gas,2981 cc,379.0,293.0,4.4,4.0,156600.0,116000.0
Porsche,911 Turbo Cabriolet Lightweight,Sports,Gas,3745 cc,572.0,318.0,3.0,4.0,258255.0,191300.0
Porsche,911 Dakar Sport,Sports,Gas,2981 cc,473.0,240.0,3.5,4.0,314550.0,233000.0
Tata Motors,Tiago,Others,Gas,1199 cc,86.0,170.0,13.0,5.0,11070.0,8200.0
Tata Motors,Tiago EV,Others,Electric,24 kWh,74.0,120.0,5.7,5.0,14850.0,11000.0
Tata Motors,Altroz DCA,Others,Gas,1199 cc,86.0,170.0,12.5,5.0,15255.0,11300.0
Tata Motors,Altroz iTurbo,Sedan,Gas,1199 cc,110.0,180.0,10.0,5.0,16200.0,12000.0
Tata Motors,Altroz CNG,Others,Gas,1199 cc,86.0,165.0,12.0,5.0,15930.0,11800.0
Tata Motors,Tiago NRG,Others,Gas,1199 cc,86.0,170.0,13.5,5.0,12420.0,9200.0
Tata Motors,Nano GenX,Others,Gas,624 cc,37.0,105.0,29.0,4.0,5400.0,4000.0
Tata Motors,Indica eV2,Others,Gas,1396 cc,70.0,155.0,16.0,5.0,8370.0,6200.0
Tata Motors,Indica V2 Xeta,Others,Gas,1193 cc,65.0,140.0,16.0,5.0,6750.0,5000.0
Tata Motors,Tigor,Others,Gas,1199 cc,86.0,170.0,13.0,5.0,12690.0,9400.0
Tata Motors,Tigor EV,Others,Electric,26 kWh,74.0,120.0,5.7,5.0,19575.0,14500.0
Tata Motors,Indigo eCS,Others,Gas,1396 cc,70.0,155.0,16.5,5.0,8775.0,6500.0
Cadillac,Escalade,Suv,Gas,6200 cc,420.0,210.0,6.8,7.0,107048.2,79295.0
Tata Motors,Indigo LX,Others,Gas,1396 cc,70.0,150.0,17.0,5.0,9450.0,7000.0
Tata Motors,Indigo GLX,Others,Gas,1396 cc,85.0,160.0,15.0,5.0,9720.0,7200.0
Cadillac,Escalade ESV,Suv,Gas,6200 cc,420.0,205.0,6.9,7.0,111098.3,82295.0
Tata Motors,Nexon EV Max,Sedan,Electric,40.5 kWh,143.0,140.0,9.0,5.0,33750.0,25000.0
Tata Motors,Harrier,Sedan,Gas,1956 cc,168.0,180.0,11.0,5.0,31050.0,23000.0
Tata Motors,Safari,Suv,Gas,1956 cc,168.0,180.0,11.0,7.0,34425.0,25500.0
Tata Motors,Punch,Others,Gas,1199 cc,86.0,160.0,16.0,5.0,14175.0,10500.0
Tata Motors,Hexa,Suv,Gas,2179 cc,154.0,180.0,12.0,7.0,27000.0,20000.0
Tata Motors,Aria,Suv,Gas,2179 cc,138.0,162.0,13.0,7.0,25650.0,19000.0
Tata Motors,Sumo Gold,Others,Gas,2956 cc,85.0,125.0,17.6,7.0,20250.0,15000.0
Tata Motors,Sumo Grande,Suv,Gas,2179 cc,118.0,140.0,15.0,7.0,22275.0,16500.0
Tata Motors,Nexon EV Prime,Sedan,Electric,30.2 kWh,129.0,120.0,9.4,5.0,29700.0,22000.0
Tata Motors,Tiago EV,Others,Electric,24 kWh,74.0,120.0,5.7,5.0,14850.0,11000.0
Tesla,Model S,Sports,Electric,100 kWh,670.0,250.0,3.1,5.0,119461.5,88490.0
Tesla,Model S Plaid,Sports,Electric,100 kWh,1020.0,322.0,2.1,5.0,146461.5,108490.0
Tesla,Model 3,Sedan,Electric,60 kWh,283.0,225.0,5.8,5.0,54324.0,40240.0
Tesla,Model 3 Performance,Sports,Electric,82 kWh,450.0,261.0,3.1,5.0,71874.0,53240.0
Tesla,Model X,Sports,Electric,100 kWh,670.0,250.0,3.8,7.0,132961.5,98490.0
Tesla,Model X Plaid,Sports,Electric,100 kWh,1020.0,262.0,2.6,6.0,153211.5,113490.0
Tesla,Model Y,Sedan,Electric,75 kWh,346.0,217.0,5.0,5.0,64111.5,47490.0
Tesla,Model Y Long Range,Sedan,Electric,82 kWh,384.0,217.0,4.8,5.0,68161.5,50490.0
Tesla,Cybertruck,Sports,Electric,200 kWh,800.0,209.0,2.9,6.0,94365.0,69900.0
Tesla,Roadster 2,Sports,Electric,200 kWh,1288.0,402.0,1.9,4.0,270000.0,200000.0
Jeep,Wrangler,Sedan,Gas,3600 cc,285.0,180.0,6.8,4.0,47513.2,35195.0
Jeep,Wrangler Rubicon,Sedan,Gas,2000 cc,270.0,180.0,7.1,4.0,56835.0,42100.0
Jeep,Grand Cherokee,Sedan,Gas,3600 cc,293.0,209.0,7.0,5.0,56065.5,41530.0
Jeep,Grand Cherokee L,Suv,Gas,3600 cc,293.0,209.0,7.2,7.0,58765.5,43530.0
Jeep,Cherokee,Sedan,Gas,2400 cc,180.0,195.0,8.5,5.0,50888.2,37695.0
Jeep,Compass,Sedan,Gas,2000 cc,200.0,200.0,7.8,5.0,42646.5,31590.0
Jeep,Renegade,Sedan,Gas,1300 cc,177.0,200.0,8.7,5.0,38265.8,28345.0
Jeep,Gladiator,Sedan,Gas,3600 cc,285.0,177.0,8.1,5.0,52346.2,38775.0
Jeep,Wagoneer,Others,Gas,5700 cc,392.0,190.0,7.4,8.0,85853.2,63595.0
Jeep,Grand Wagoneer,Others,Gas,6400 cc,471.0,190.0,6.0,8.0,123518.3,91495.0
Jeep,Grand Cherokee 4xe,Sedan,Hybrid,17.3 kWh,375.0,210.0,6.0,5.0,80817.8,59865.0
Jeep,Wrangler 4xe,Sedan,Hybrid,17.3 kWh,375.0,180.0,6.4,5.0,68438.2,50695.0
Jeep,Compass 4xe,Sedan,Hybrid,11.4 kWh,240.0,200.0,7.3,5.0,62775.0,46500.0
Jeep,Renegade 4xe,Sedan,Hybrid,11.4 kWh,240.0,200.0,7.5,5.0,60075.0,44500.0
Mazda,Mazda2,Sedan,Gas,1500 cc,108.0,180.0,10.2,5.0,22950.0,17000.0
Jeep,Wagoneer S (Electric),Sedan,Electric,100 kWh,600.0,177.0,4.5,5.0,108000.0,80000.0
Jeep,Gladiator Mojave Edition,Sedan,Gas,3600 cc,285.0,177.0,8.6,5.0,69619.5,51570.0
Jeep,Grand Cherokee Summit Reserve,Sedan,Gas,5700 cc,357.0,190.0,7.3,5.0,89876.2,66575.0
Jeep,Jeep Cherokee X Edition,Sedan,Gas,3200 cc,271.0,195.0,7.6,5.0,55748.3,41295.0
Jeep,Wrangler 392,Sports,Gas,6400 cc,470.0,160.0,4.5,4.0,111368.3,82495.0
Cadillac,XT4,Sedan,Gas,2000 cc,235.0,220.0,7.6,5.0,50611.5,37490.0
Cadillac,XT5,Sedan,Gas,3600 cc,310.0,210.0,6.5,5.0,59663.3,44195.0
Cadillac,XT6,Suv,Gas,3600 cc,310.0,210.0,6.9,7.0,65603.2,48595.0
Cadillac,Lyriq EV,Sedan,Electric,100 kWh,340.0,190.0,5.7,5.0,79096.5,58590.0
Cadillac,Escalade V,Suv,Gas,6200 cc,682.0,200.0,4.4,7.0,202486.5,149990.0
Cadillac,Escalade Platinum,Suv,Gas,6200 cc,420.0,210.0,6.8,7.0,141203.2,104595.0
Cadillac,CT5-V Blackwing,Sports,Gas,6200 cc,668.0,320.0,3.4,5.0,124200.0,92000.0
Cadillac,CT4-V Blackwing,Sports,Gas,3600 cc,472.0,290.0,3.9,5.0,81668.2,60495.0
Cadillac,XT4 Sport,Sedan,Gas,2000 cc,235.0,220.0,7.4,5.0,55876.5,41390.0
Cadillac,XT5 Sport,Sedan,Gas,3600 cc,310.0,210.0,6.5,5.0,68978.2,51095.0
Cadillac,XT6 Sport,Suv,Gas,3600 cc,310.0,210.0,6.9,7.0,77078.2,57095.0
Cadillac,Lyriq Launch Edition,Sedan,Electric,100 kWh,340.0,190.0,5.7,5.0,80986.5,59990.0
Cadillac,Lyriq EV Premium,Sedan,Electric,100 kWh,500.0,210.0,4.5,5.0,87736.5,64990.0
Cadillac,CT5 Premium Luxury,Sedan,Gas,2000 cc,237.0,240.0,6.8,5.0,55741.5,41290.0
Chevrolet,Spark,Others,Gas,1400 cc,98.0,180.0,10.7,5.0,19703.2,14595.0
Chevrolet,Sonic,Sedan,Gas,1400 cc,138.0,190.0,8.5,5.0,22572.0,16720.0
Chevrolet,Malibu,Sedan,Gas,1500 cc,160.0,210.0,8.0,5.0,33750.0,25000.0
Chevrolet,Camaro,Sports,Gas,2000 cc,275.0,240.0,5.4,4.0,35640.0,26400.0
Chevrolet,Corvette,Sports,Gas,6200 cc,495.0,312.0,3.0,2.0,88958.2,65895.0
Chevrolet,Traverse,Suv,Gas,3600 cc,310.0,210.0,7.0,7.0,48485.2,35915.0
Chevrolet,Equinox,Sedan,Gas,1500 cc,170.0,200.0,8.9,5.0,35910.0,26600.0
Chevrolet,Blazer,Sedan,Gas,3600 cc,308.0,220.0,6.6,5.0,59400.0,44000.0
Chevrolet,Tahoe,Suv,Gas,5300 cc,355.0,200.0,7.5,7.0,76943.2,56995.0
Chevrolet,Suburban,Others,Gas,5300 cc,355.0,190.0,7.6,8.0,80865.0,59900.0
Chevrolet,Colorado,Sedan,Gas,2700 cc,310.0,190.0,6.8,5.0,41438.2,30695.0
Chevrolet,Silverado 1500,Suv,Gas,5300 cc,355.0,180.0,7.0,6.0,57773.3,42795.0
Chevrolet,Silverado 2500HD,Suv,Gas,6600 cc,401.0,170.0,8.0,6.0,56025.0,41500.0
Chevrolet,Silverado 3500HD,Suv,Gas,6600 cc,445.0,160.0,8.5,6.0,61425.0,45500.0
Chevrolet,Bolt EV,Sedan,Electric,66 kWh,200.0,150.0,6.5,5.0,37118.2,27495.0
Chevrolet,Bolt EUV,Sedan,Electric,66 kWh,200.0,150.0,7.0,5.0,38873.2,28795.0
Chevrolet,Trailblazer,Sedan,Gas,1300 cc,155.0,200.0,9.4,5.0,31185.0,23100.0
Chevrolet,Malibu Premier,Sedan,Gas,2000 cc,250.0,240.0,5.8,5.0,45225.0,33500.0
Chevrolet,Camaro ZL1,Sports,Gas,6200 cc,650.0,318.0,3.5,4.0,90855.0,67300.0
Chevrolet,Corvette Stingray,Sports,Gas,6200 cc,495.0,312.0,3.0,2.0,88958.2,65895.0
Chevrolet,Silverado 1500 High Country,Suv,Gas,5300 cc,355.0,180.0,7.0,6.0,83153.2,61595.0
Chevrolet,Silverado 1500 Trail Boss,Suv,Gas,5300 cc,355.0,180.0,7.0,6.0,75458.2,55895.0
Chevrolet,Silverado 1500 RST,Suv,Gas,5300 cc,355.0,180.0,7.1,6.0,68708.2,50895.0
Chevrolet,Colorado ZR2,Sedan,Gas,2800 cc,181.0,160.0,9.1,5.0,65198.3,48295.0
Chevrolet,Traverse Premier,Suv,Gas,3600 cc,310.0,210.0,7.0,7.0,62910.0,46600.0
Chevrolet,Equinox Premier,Sedan,Gas,1500 cc,170.0,200.0,8.8,5.0,45090.0,33400.0
Chevrolet,Blazer RS,Sedan,Gas,3600 cc,308.0,220.0,6.6,5.0,66015.0,48900.0
Chevrolet,Bolt EV 2LT,Sedan,Electric,66 kWh,200.0,150.0,6.7,5.0,38873.2,28795.0
Chevrolet,Camaro SS,Sports,Gas,6200 cc,455.0,290.0,4.3,4.0,58725.0,43500.0
Chevrolet,Corvette Grand Sport,Sports,Gas,6200 cc,460.0,290.0,3.9,2.0,88965.0,65900.0
Chevrolet,Traverse RS,Suv,Gas,3600 cc,310.0,210.0,7.0,7.0,58995.0,43700.0
Chevrolet,Blazer Premier,Sedan,Gas,3600 cc,308.0,220.0,6.6,5.0,60750.0,45000.0
Chevrolet,Malibu LT,Sedan,Gas,1500 cc,160.0,210.0,8.5,5.0,34830.0,25800.0
Chevrolet,Spark Activ,Others,Gas,1400 cc,98.0,180.0,11.0,5.0,23753.2,17595.0
Chevrolet,Trax LT,Sedan,Gas,1200 cc,137.0,200.0,9.2,5.0,32535.0,24100.0
Chevrolet,Equinox LT,Sedan,Gas,1500 cc,170.0,200.0,8.9,5.0,38340.0,28400.0
Chevrolet,Silverado 3500HD High Country,Suv,Gas,6600 cc,445.0,160.0,8.5,6.0,102195.0,75700.0
Chevrolet,Colorado WT,Sedan,Gas,2700 cc,310.0,190.0,6.9,5.0,39420.0,29200.0
Chevrolet,Suburban High Country,Others,Gas,6200 cc,420.0,200.0,7.0,8.0,111240.0,82400.0
Chevrolet,Silverado Custom,Suv,Gas,4300 cc,285.0,180.0,8.5,6.0,45765.0,33900.0
Chevrolet,Spark LS,Others,Gas,1400 cc,98.0,180.0,10.9,5.0,19433.2,14395.0
Chevrolet,Traverse LT,Suv,Gas,3600 cc,310.0,210.0,7.1,7.0,50220.0,37200.0
Chevrolet,Blazer LT,Sedan,Gas,2500 cc,193.0,200.0,9.0,5.0,48735.0,36100.0
Chevrolet,Malibu Premier,Sedan,Gas,2000 cc,250.0,240.0,5.8,5.0,46575.0,34500.0
Chevrolet,Equinox RS,Sedan,Gas,1500 cc,170.0,200.0,8.8,5.0,43065.0,31900.0
Chevrolet,Silverado 1500 Custom,Suv,Gas,4300 cc,285.0,180.0,8.6,6.0,47115.0,34900.0
Chevrolet,Silverado 2500HD LTZ,Suv,Gas,6600 cc,445.0,160.0,8.4,6.0,76140.0,56400.0
Chevrolet,Tahoe RST,Suv,Gas,5300 cc,355.0,180.0,7.4,7.0,86535.0,64100.0
Chevrolet,Suburban LT,Others,Gas,5300 cc,355.0,180.0,5.1,8.0,86940.0,64400.0
Chevrolet,Bolt EV Premier,Sedan,Electric,66 kWh,200.0,150.0,6.5,5.0,42795.0,31700.0
Chevrolet,Tahoe LS,Others,Gas,5300 cc,355.0,180.0,7.5,8.0,76943.2,56995.0
Chevrolet,Tahoe LT,Others,Gas,5300 cc,355.0,180.0,7.4,8.0,84368.2,62495.0
Chevrolet,Tahoe RST,Suv,Gas,5300 cc,355.0,180.0,7.4,7.0,86535.0,64100.0
Chevrolet,Tahoe Z71,Suv,Gas,5300 cc,355.0,180.0,7.6,7.0,90045.0,66700.0
Chevrolet,Tahoe Premier,Suv,Gas,6200 cc,420.0,200.0,6.8,7.0,96660.0,71600.0
Chevrolet,Tahoe High Country,Suv,Gas,6200 cc,420.0,200.0,6.7,7.0,103545.0,76700.0
Chevrolet,Tahoe Midnight Edition,Others,Gas,5300 cc,355.0,180.0,7.5,8.0,88425.0,65500.0
Chevrolet,Tahoe Sport Edition,Suv,Gas,6200 cc,420.0,200.0,6.8,7.0,94500.0,70000.0
GMC,Terrain,Sedan,Gas,1500 cc,175.0,190.0,9.5,5.0,40365.0,29900.0
GMC,Acadia,Suv,Gas,2000 cc,228.0,200.0,7.8,7.0,49680.0,36800.0
GMC,Yukon,Others,Gas,5300 cc,355.0,180.0,7.4,8.0,77490.0,57400.0
GMC,Yukon XL,Others,Gas,6200 cc,420.0,200.0,6.9,8.0,82485.0,61100.0
GMC,Canyon,Sedan,Gas,2700 cc,310.0,190.0,7.6,5.0,49815.0,36900.0
GMC,Sierra 1500,Suv,Gas,5300 cc,355.0,180.0,7.3,6.0,50085.0,37100.0
GMC,Sierra 2500HD,Suv,Gas,6600 cc,401.0,175.0,7.5,6.0,59265.0,43900.0
GMC,Sierra 3500HD,Suv,Gas,6600 cc,445.0,175.0,7.4,6.0,66150.0,49000.0
GMC,Hummer EV Pickup,Sports,Electric,212 kWh,625.0,170.0,3.0,5.0,146745.0,108700.0
GMC,Hummer EV SUV,Sports,Electric,212 kWh,625.0,170.0,3.5,5.0,142560.0,105600.0
GMC,Yukon Denali,Others,Gas,6200 cc,420.0,200.0,6.8,8.0,98280.0,72800.0
GMC,Sierra Denali,Suv,Gas,6200 cc,420.0,190.0,6.7,6.0,90180.0,66800.0
GMC,Terrain AT4,Sedan,Gas,1500 cc,175.0,190.0,9.6,5.0,49275.0,36500.0
GMC,Acadia AT4,Suv,Gas,3600 cc,310.0,210.0,7.6,6.0,55890.0,41400.0
GMC,Sierra 1500 AT4,Suv,Gas,5300 cc,355.0,180.0,7.4,6.0,72630.0,53800.0
GMC,Sierra 2500HD Denali,Suv,Gas,6600 cc,401.0,175.0,7.5,6.0,97470.0,72200.0
GMC,Sierra Elevation,Sedan,Gas,2700 cc,310.0,190.0,7.6,5.0,60750.0,45000.0
GMC,Canyon AT4,Sedan,Gas,2700 cc,310.0,190.0,7.5,5.0,59265.0,43900.0
GMC,Canyon Denali,Sedan,Gas,2700 cc,310.0,190.0,7.5,5.0,64800.0,48000.0
GMC,Yukon XL Denali Ultimate,Others,Gas,6200 cc,420.0,200.0,6.7,8.0,126630.0,93800.0
GMC,Terrain Denali,Sedan,Gas,1500 cc,175.0,190.0,9.5,5.0,52110.0,38600.0
GMC,Acadia Denali,Suv,Gas,3564 cc,310.0,210.0,6.5,7.0,73305.0,54300.0
GMC,Yukon AT4,Others,Gas,5327 cc,355.0,210.0,7.1,8.0,96531.8,71505.0
GMC,Yukon XL AT4,Others,Gas,5327 cc,355.0,210.0,7.3,8.0,98961.8,73305.0
GMC,Sierra 1500 Elevation,Sedan,Gas,2713 cc,310.0,180.0,7.0,5.0,70200.0,52000.0
GMC,Sierra 1500 SLT,Sedan,Gas,5327 cc,355.0,180.0,6.8,5.0,75600.0,56000.0
GMC,Sierra 2500HD AT4,Sedan,Gas,6600 cc,401.0,170.0,7.5,5.0,94500.0,70000.0
GMC,Sierra 3500HD AT4,Sedan,Gas,6600 cc,401.0,170.0,7.7,5.0,97200.0,72000.0
GMC,Canyon Elevation,Sedan,Gas,2488 cc,200.0,175.0,8.5,5.0,49005.0,36300.0
GMC,Canyon Denali Black Edition,Sedan,Gas,3564 cc,308.0,180.0,6.9,5.0,59400.0,44000.0
GMC,Sierra 1500 Denali Ultimate,Sedan,Gas,6162 cc,420.0,200.0,5.8,5.0,108000.0,80000.0
GMC,Yukon XL Denali Reserve,Suv,Gas,6162 cc,420.0,210.0,6.0,7.0,110700.0,82000.0
GMC,Terrain Elevation Edition,Sedan,Gas,1490 cc,170.0,200.0,9.3,5.0,38745.0,28700.0
GMC,Acadia Black Edition,Suv,Gas,3564 cc,310.0,210.0,6.5,7.0,60750.0,45000.0
GMC,Sierra Denali CarbonPro,Sedan,Gas,6162 cc,420.0,200.0,5.8,5.0,87750.0,65000.0
GMC,Yukon Denali Performance,Others,Gas,6162 cc,420.0,210.0,6.0,8.0,103686.8,76805.0
GMC,Sierra 2500HD Denali Black Edition,Sedan,Gas,6600 cc,401.0,170.0,7.5,5.0,101250.0,75000.0
GMC,Canyon AT4X,Sedan,Gas,3564 cc,308.0,180.0,6.9,5.0,67500.0,50000.0
GMC,Yukon XL SLT,Others,Gas,5327 cc,355.0,210.0,7.3,8.0,87750.0,65000.0
GMC,Sierra 1500 Pro,Sedan,Gas,4300 cc,285.0,180.0,7.5,3.0,50895.0,37700.0
GMC,Sierra 2500HD Pro,Sports,Gas,6600 cc,401.0,170.0,7.7,3.0,81000.0,60000.0
GMC,Sierra 3500HD Pro,Sports,Gas,6600 cc,401.0,170.0,7.8,3.0,83700.0,62000.0
GMC,Terrain SLT,Sedan,Gas,1490 cc,170.0,200.0,9.4,5.0,41850.0,31000.0
GMC,Acadia SLE,Suv,Gas,3564 cc,310.0,210.0,6.6,7.0,54000.0,40000.0
GMC,Canyon SLT,Sedan,Gas,2488 cc,200.0,175.0,8.6,5.0,51300.0,38000.0
GMC,Yukon XL Elevation,Others,Gas,5327 cc,355.0,210.0,7.4,8.0,101250.0,75000.0
GMC,Sierra 1500 AT4X,Sedan,Gas,6162 cc,420.0,200.0,5.9,5.0,110700.0,82000.0
GMC,Canyon AT4X Edition 1,Sedan,Gas,3564 cc,308.0,180.0,6.8,5.0,74250.0,55000.0
GMC,Yukon Denali Ultimate Black,Others,Gas,6162 cc,420.0,210.0,6.0,8.0,121500.0,90000.0
GMC,Sierra HD Denali Reserve,Sedan,Gas,6600 cc,401.0,170.0,7.5,5.0,114750.0,85000.0
GMC,Acadia Denali Ultimate,Suv,Gas,3564 cc,310.0,210.0,6.5,7.0,81000.0,60000.0
GMC,Terrain All-Terrain Edition,Sedan,Gas,1490 cc,170.0,200.0,9.3,5.0,47250.0,35000.0
GMC,Yukon Trailering Edition,Others,Gas,5327 cc,355.0,210.0,7.5,8.0,105300.0,78000.0
KIA,Rio,Sedan,Gas,1591 cc,120.0,180.0,10.3,5.0,22950.0,17000.0
KIA,Rio 5-Door,Sedan,Gas,1591 cc,120.0,180.0,10.3,5.0,24300.0,18000.0
KIA,Seltos Nightfall Edition,Sedan,Gas,1591 cc,175.0,210.0,7.5,5.0,37800.0,28000.0
Peugeot,508 PSE (Peugeot Sport Engineered),Sedan,Hybrid,1599 cc (petrol) + Electric Motor,360.0,250.0,5.2,5.0,74250.0,55000.0
KIA,Sorento X-Line,Suv,Gas,2500 cc,277.0,220.0,7.0,7.0,56700.0,42000.0
KIA,Telluride SX,Suv,Gas,3778 cc,291.0,240.0,7.0,7.0,67500.0,50000.0
KIA,Forte LXS,Sedan,Gas,1999 cc,147.0,190.0,9.2,5.0,25650.0,19000.0
KIA,K5 EX,Sedan,Gas,1591 cc,180.0,220.0,7.8,5.0,38475.0,28500.0
KIA,Niro Plug-In Hybrid,Sedan,Hybrid,1591 cc,139.0,180.0,10.5,5.0,44550.0,33000.0
KIA,EV6 Wind,Sedan,Electric,77.4 kWh,225.0,190.0,5.2,5.0,67500.0,50000.0
KIA,Soul Turbo,Sedan,Gas,1591 cc,201.0,200.0,6.5,5.0,37800.0,28000.0
KIA,Seltos SX,Sedan,Gas,1591 cc,175.0,210.0,7.5,5.0,38475.0,28500.0
KIA,Stinger Scorpion Edition,Sedan,Gas,2500 cc,300.0,270.0,5.0,5.0,74250.0,55000.0
KIA,Sorento Hybrid SX Prestige,Suv,Hybrid,1591 cc,227.0,200.0,7.9,7.0,63450.0,47000.0
KIA,Carnival EX,Others,Gas,3500 cc,290.0,220.0,8.0,8.0,57375.0,42500.0
KIA,Telluride Nightfall Edition,Suv,Gas,3778 cc,291.0,240.0,7.0,7.0,68850.0,51000.0
Peugeot,508 Plug-In Hybrid,Sedan,Hybrid,1598 cc (petrol) + Electric Motor,225.0,210.0,7.5,5.0,59400.0,44000.0
KIA,EV6 First Edition,Sedan,Electric,77.4 kWh,320.0,230.0,5.0,5.0,78300.0,58000.0
KIA,Niro Touring,Sedan,Hybrid,1591 cc,139.0,180.0,10.5,5.0,44550.0,33000.0
KIA,Forte GT-Line,Sedan,Gas,1591 cc,201.0,200.0,6.5,5.0,33750.0,25000.0
KIA,Seltos EX,Sedan,Gas,1999 cc,146.0,190.0,9.0,5.0,31725.0,23500.0
Peugeot,3008 Plug-In Hybrid,Sedan,Hybrid,1598 cc (petrol) + Electric Motor,225.0,210.0,7.0,5.0,56700.0,42000.0
KIA,Sorento LX,Suv,Gas,2500 cc,191.0,210.0,8.5,7.0,47925.0,35500.0
KIA,Telluride EX,Suv,Gas,3778 cc,291.0,240.0,7.0,7.0,59400.0,44000.0
KIA,Soul EX,Sedan,Gas,1999 cc,147.0,190.0,9.5,5.0,29700.0,22000.0
KIA,Forte FE,Sedan,Gas,1999 cc,147.0,190.0,9.2,5.0,24975.0,18500.0
KIA,K5 GT-Line,Sedan,Gas,1591 cc,180.0,220.0,7.8,5.0,39150.0,29000.0
KIA,Carnival LXS,Others,Gas,3500 cc,290.0,220.0,8.0,8.0,53325.0,39500.0
KIA,EV6 Light,Sedan,Electric,77.4 kWh,225.0,190.0,5.2,5.0,62100.0,46000.0
KIA,Niro EX,Sedan,Hybrid,1591 cc,139.0,180.0,10.5,5.0,40500.0,30000.0
KIA,Stinger GT,Sedan,Gas,3300 cc,365.0,270.0,4.7,5.0,69525.0,51500.0
KIA,Sorento SX Prestige,Suv,Hybrid,1591 cc,227.0,200.0,7.9,7.0,64800.0,48000.0
KIA,Telluride SX Prestige,Suv,Gas,3778 cc,291.0,240.0,7.0,7.0,70200.0,52000.0
Peugeot,508 Hybrid4,Sedan,Hybrid,1598 cc (petrol) + Electric Motor,300.0,235.0,6.0,5.0,63450.0,47000.0
KIA,EV6 GT Performance,Sports,Electric,77.4 kWh,577.0,260.0,3.5,5.0,87750.0,65000.0
KIA,Niro SX Touring,Sedan,Hybrid,1591 cc,139.0,180.0,10.5,5.0,46575.0,34500.0
KIA,Carnival SX Prestige,Others,Gas,3500 cc,290.0,220.0,8.0,8.0,63450.0,47000.0
KIA,Seltos SX Turbo,Sedan,Gas,1591 cc,175.0,210.0,7.5,5.0,43200.0,32000.0
KIA,Forte EX Premium,Sedan,Gas,1999 cc,147.0,190.0,9.2,5.0,30375.0,22500.0
KIA,Soul EX Designer Edition,Sedan,Gas,1999 cc,147.0,190.0,9.5,5.0,31725.0,23500.0
KIA,Rio S,Sedan,Gas,1591 cc,120.0,180.0,10.3,5.0,23625.0,17500.0
KIA,Rio 5-Door S,Sedan,Gas,1591 cc,120.0,180.0,10.3,5.0,24300.0,18000.0
KIA,Soul S,Sedan,Gas,1999 cc,147.0,190.0,9.5,5.0,27675.0,20500.0
KIA,Seltos LX,Sedan,Gas,1999 cc,146.0,190.0,9.2,5.0,31050.0,23000.0
Peugeot,3008 Hybrid4,Sedan,Hybrid,1599 cc (Petrol) + Electric Motor,300.0,235.0,6.0,5.0,60750.0,45000.0
KIA,Sorento Hybrid EX,Suv,Hybrid,1591 cc,227.0,200.0,7.9,7.0,63450.0,47000.0
KIA,Telluride LX,Suv,Gas,3778 cc,291.0,240.0,7.0,7.0,56025.0,41500.0
KIA,Carnival MPV EX,Others,Gas,3500 cc,290.0,220.0,8.0,8.0,58725.0,43500.0
KIA,EV6 AWD GT-Line,Sedan,Electric,77.4 kWh,320.0,230.0,5.0,5.0,81000.0,60000.0
KIA,Forte GT Turbo,Sedan,Gas,1591 cc,201.0,200.0,6.5,5.0,34425.0,25500.0
KIA,Soul GT Designer Edition,Sedan,Gas,1999 cc,147.0,190.0,9.5,5.0,31050.0,23000.0
KIA,Seltos X-Line Turbo,Sedan,Gas,1591 cc,175.0,210.0,7.5,5.0,40500.0,30000.0
Peugeot,e-2008 GT,Sedan,Electric,50 kWh,136.0,200.0,8.5,5.0,54000.0,40000.0
KIA,Telluride Limited Edition,Suv,Gas,3778 cc,291.0,240.0,7.0,7.0,71550.0,53000.0
KIA,Stinger GT-Line,Sedan,Gas,2500 cc,300.0,270.0,5.0,5.0,67500.0,50000.0
KIA,Carnival Special Edition,Others,Gas,3500 cc,290.0,220.0,8.0,8.0,61425.0,45500.0
KIA,Niro SX Hybrid,Sedan,Hybrid,1591 cc,139.0,180.0,10.5,5.0,48600.0,36000.0
KIA,EV6 First Edition AWD,Sedan,Electric,77.4 kWh,320.0,230.0,5.0,5.0,83700.0,62000.0
KIA,Sorento X-Pro Hybrid,Suv,Hybrid,1591 cc,227.0,200.0,7.8,7.0,66150.0,49000.0
KIA,Forte Limited Edition,Sedan,Gas,1999 cc,147.0,190.0,9.2,5.0,30375.0,22500.0
Bugatti,Chiron,Sports,Gas,7993 cc,1500.0,420.0,2.5,2.0,4050000.0,3000000.0
Bugatti,Chiron Pur Sport,Sports,Gas,7993 cc,1500.0,350.0,2.3,2.0,4455000.0,3300000.0
Bugatti,Chiron Super Sport,Sports,Gas,7993 cc,1600.0,490.0,2.4,2.0,4725000.0,3500000.0
Bugatti,Chiron Sport,Sports,Gas,7993 cc,1500.0,420.0,2.4,2.0,4455000.0,3300000.0
Bugatti,Chiron Noire,Sports,Gas,7993 cc,1500.0,420.0,2.5,2.0,4455000.0,3300000.0
Bugatti,Divo,Sports,Gas,7993 cc,1500.0,380.0,2.4,2.0,7830000.0,5800000.0
Bugatti,Centodieci,Sports,Gas,7993 cc,1600.0,380.0,2.4,2.0,12150000.0,9000000.0
Bugatti,La Voiture Noire,Sports,Gas,7993 cc,1500.0,420.0,2.5,2.0,24300000.0,18000000.0
Bugatti,Bolide,Sports,Gas,7993 cc,1850.0,500.0,2.2,2.0,6075000.0,4500000.0
Bugatti,Mistral,Sports,Gas,7993 cc,1600.0,420.0,2.4,2.0,6750000.0,5000000.0
VOLVO,Volvo FH,Sports,Gas,13000 cc,540.0,120.0,15.0,2.0,162000.0,120000.0
VOLVO,Volvo FH16,Sports,Gas,16100 cc,750.0,120.0,14.5,2.0,216000.0,160000.0
VOLVO,Volvo FM,Sports,Gas,12800 cc,460.0,110.0,16.0,2.0,135000.0,100000.0
VOLVO,Volvo FMX,Sports,Gas,13000 cc,500.0,110.0,16.5,2.0,148500.0,110000.0
VOLVO,Volvo VNL,Sports,Gas,12800 cc,500.0,120.0,15.0,2.0,168750.0,125000.0
VOLVO,Volvo VNR,Sports,Gas,12800 cc,400.0,110.0,17.0,2.0,128250.0,95000.0
VOLVO,Volvo VHD,Sports,Gas,12800 cc,500.0,100.0,18.0,2.0,162000.0,120000.0
VOLVO,Volvo FE,Coupe,Gas,7700 cc,280.0,90.0,20.0,2.0,114750.0,85000.0
VOLVO,Volvo FL,Sedan,Gas,5100 cc,180.0,80.0,22.0,2.0,101250.0,75000.0
Jaguar Land Rover,Jaguar F-Type,Sports,Gas,2995 cc (V6),335.0,260.0,5.1,2.0,94500.0,70000.0
Jaguar Land Rover,Jaguar XE,Sedan,Gas,1999 cc (I4),250.0,250.0,6.5,5.0,60750.0,45000.0
Jaguar Land Rover,Jaguar XF,Sedan,Gas,1999 cc (I4),250.0,250.0,6.5,5.0,67500.0,50000.0
Jaguar Land Rover,Jaguar XJ,Sedan,Gas,2995 cc (V6),300.0,250.0,6.0,5.0,114750.0,85000.0
Jaguar Land Rover,Jaguar E-PACE,Sedan,Gas,1999 cc (I4),200.0,230.0,7.0,5.0,67500.0,50000.0
Jaguar Land Rover,Jaguar I-PACE,Sedan,Electric,90 kWh (Battery),400.0,200.0,4.8,5.0,94500.0,70000.0
Jaguar Land Rover,Jaguar X-TYPE,Sedan,Gas,1998 cc (I4),160.0,215.0,9.0,5.0,54000.0,40000.0
Jaguar Land Rover,Jaguar F-PACE R-Dynamic,Sedan,Gas,1999 cc (I4) / 2995 cc (V6),340.0,250.0,5.4,5.0,87750.0,65000.0
Jaguar Land Rover,Jaguar XE R-Dynamic,Sedan,Gas,1999 cc (I4),340.0,250.0,5.4,5.0,81000.0,60000.0
Jaguar Land Rover,Jaguar F-Type SVR,Sports,Gas,5000 cc (V8),575.0,320.0,3.7,2.0,162000.0,120000.0
Jaguar Land Rover,Jaguar I-PACE Electric Performance,Sedan,Electric,90 kWh (Battery),400.0,200.0,4.5,5.0,114750.0,85000.0
Jaguar Land Rover,Jaguar F-PACE SVR,Sports,Gas,5000 cc (V8),550.0,283.0,4.0,5.0,114750.0,85000.0
Jaguar Land Rover,Jaguar XE S,Sedan,Gas,1999 cc (I4),340.0,250.0,5.3,5.0,74250.0,55000.0
Jaguar Land Rover,Jaguar XF R-Dynamic,Sedan,Gas,1999 cc (I4) / 2995 cc (V6),340.0,250.0,5.4,5.0,87750.0,65000.0
Jaguar Land Rover,Jaguar XJ LWB (Long Wheelbase),Sedan,Gas,2995 cc (V6),300.0,250.0,6.0,5.0,121500.0,90000.0
Jaguar Land Rover,Jaguar F-Type Heritage Edition,Sports,Gas,5000 cc (V8),550.0,300.0,3.9,2.0,148500.0,110000.0
Jaguar Land Rover,Jaguar E-PACE S,Sedan,Gas,1999 cc (I4),200.0,230.0,7.0,5.0,67500.0,50000.0
Jaguar Land Rover,Jaguar I-PACE HSE,Sedan,Electric,90 kWh (Battery),400.0,200.0,4.5,5.0,121500.0,90000.0
Jaguar Land Rover,Jaguar F-Type V8 R,Sports,Gas,5000 cc (V8),550.0,300.0,3.9,2.0,135000.0,100000.0
Jaguar Land Rover,Jaguar F-Type R-Dynamic,Sports,Gas,1999 cc (I4) / 2995 cc (V6),300.0,250.0,5.1,2.0,94500.0,70000.0
Jaguar Land Rover,Jaguar XE P300 R-Dynamic,Sedan,Gas,1999 cc (I4),300.0,250.0,5.5,5.0,74250.0,55000.0
Jaguar Land Rover,Jaguar XF Sportbrake,Sedan,Gas,1999 cc (I4) / 2995 cc (V6),250.0,250.0,6.5,5.0,81000.0,60000.0
Jaguar Land Rover,Jaguar I-PACE EV400 HSE,Sedan,Electric,90 kWh (Battery),400.0,200.0,4.5,5.0,114750.0,85000.0
Jaguar Land Rover,Jaguar F-PACE S 30t AWD,Sedan,Gas,1999 cc (I4),247.0,225.0,6.4,5.0,81000.0,60000.0
Jaguar Land Rover,Jaguar E-PACE R-Dynamic,Sedan,Gas,1999 cc (I4),246.0,230.0,6.8,5.0,74250.0,55000.0
Jaguar Land Rover,Jaguar XJ50,Sedan,Gas,2995 cc (V6),300.0,250.0,6.0,5.0,108000.0,80000.0
Jaguar Land Rover,Jaguar F-Type 75th Anniversary Edition,Sports,Gas,5000 cc (V8),550.0,300.0,3.9,2.0,135000.0,100000.0
Jaguar Land Rover,Jaguar F-PACE S AWD,Sedan,Gas,1999 cc (I4) / 2995 cc (V6),340.0,250.0,5.4,5.0,87750.0,65000.0
Jaguar Land Rover,Jaguar XE SE,Sedan,Gas,1999 cc (I4),250.0,240.0,6.2,5.0,67500.0,50000.0
Jaguar Land Rover,Jaguar F-Type V6 S Convertible,Sports,Gas,2995 cc (V6),380.0,280.0,4.8,2.0,108000.0,80000.0
Jaguar Land Rover,Jaguar XE R-Sport AWD,Sedan,Gas,1999 cc (I4) / 2995 cc (V6),300.0,250.0,5.5,5.0,74250.0,55000.0
Jaguar Land Rover,Jaguar XF Portfolio AWD,Sedan,Gas,1999 cc (I4) / 2995 cc (V6),340.0,250.0,5.4,5.0,81000.0,60000.0
Jaguar Land Rover,Jaguar F-Type Coupe R,Sports,Gas,5000 cc (V8),550.0,300.0,3.9,2.0,135000.0,100000.0
Jaguar Land Rover,Jaguar I-PACE First Edition,Sedan,Electric,90 kWh (Battery),400.0,200.0,4.5,5.0,114750.0,85000.0
Jaguar Land Rover,Jaguar F-PACE Prestige AWD,Sedan,Gas,1999 cc (I4) / 2995 cc (V6),340.0,250.0,5.4,5.0,87750.0,65000.0
Jaguar Land Rover,Jaguar XJ Supercharged,Sedan,Gas,5000 cc (V8),510.0,280.0,4.2,5.0,121500.0,90000.0
Jaguar Land Rover,Jaguar F-Type P450 AWD,Sports,Gas,5000 cc (V8),450.0,290.0,4.0,2.0,121500.0,90000.0
Jaguar Land Rover,Jaguar F-PACE P400e Plug-in Hybrid,Sedan,Hybrid,1999 cc (I4) + Electric,398.0,220.0,5.1,5.0,101250.0,75000.0
Jaguar Land Rover,Jaguar F-Type P300 Coupe,Sports,Gas,1999 cc (I4),300.0,250.0,5.5,2.0,81000.0,60000.0
Acura,NSX Type S,Sports,Hybrid,3493 cc (V6),600.0,307.0,2.9,2.0,211950.0,157000.0
Acura,TLX PMC Edition,Sedan,Gas,3500 cc (V6),290.0,250.0,5.7,5.0,83700.0,62000.0
Acura,MDX Advance,Suv,Gas,3500 cc (V6),290.0,190.0,6.0,7.0,81000.0,60000.0
Acura,RDX Technology,Sedan,Gas,1500 cc (I4),272.0,210.0,6.6,5.0,60750.0,45000.0
Acura,ILX Premium,Sedan,Gas,2400 cc (I4),201.0,200.0,6.6,5.0,40500.0,30000.0
Acura,TLX A-Spec,Sedan,Gas,3500 cc (V6),290.0,250.0,5.7,5.0,67500.0,50000.0
Acura,RDX SH-AWD,Sedan,Gas,1500 cc (I4),272.0,210.0,6.6,5.0,67500.0,50000.0
Acura,MDX SH-AWD,Suv,Gas,3500 cc (V6),290.0,190.0,6.0,7.0,74250.0,55000.0
Acura,RDX Platinum Elite,Sedan,Gas,1500 cc (I4),272.0,210.0,6.6,5.0,74250.0,55000.0
Acura,TLX A-Spec Sedan,Sedan,Gas,3500 cc (V6),290.0,250.0,5.7,5.0,67500.0,50000.0
Acura,TLX 2.4L,Sedan,Gas,2400 cc,206.0,210.0,6.0,5.0,47250.0,35000.0
Acura,MDX Hybrid,Suv,Hybrid,3500 cc,321.0,190.0,6.0,7.0,74250.0,55000.0
Acura,RDX Hybrid,Sedan,Hybrid,1500 cc,247.0,210.0,6.6,5.0,67500.0,50000.0
Acura,ILX Technology Package,Sedan,Gas,2400 cc,201.0,200.0,6.6,5.0,40500.0,30000.0
Acura,NSX GT3 (Track Version),Sports,Hybrid,3493 cc,500.0,300.0,3.0,2.0,202500.0,150000.0
Acura,RDX Turbo AWD,Sedan,Gas,1500 cc,272.0,210.0,6.6,5.0,60750.0,45000.0
Acura,TLX 3.5L V6,Sedan,Gas,3500 cc,290.0,250.0,5.7,5.0,67500.0,50000.0
Acura,ILX Special Edition,Sedan,Gas,2400 cc,201.0,200.0,6.6,5.0,40500.0,30000.0
Acura,MDX SH-AWD w/Technology Package,Suv,Gas,3500 cc,290.0,190.0,6.0,7.0,74250.0,55000.0
Acura,NSX 3.5L Hybrid Coupe,Sports,Hybrid,3493 cc,537.0,307.0,2.9,2.0,211950.0,157000.0
Acura,MDX Elite,Suv,Gas,3500 cc,290.0,190.0,6.0,7.0,78300.0,58000.0
Acura,TLX V6 Advance,Sedan,Gas,3500 cc,290.0,250.0,5.7,5.0,62100.0,46000.0
Acura,NSX Carbon Edition,Sports,Hybrid,3493 cc,537.0,307.0,2.9,2.0,211950.0,157000.0
Acura,RDX Turbo SH-AWD,Sedan,Gas,1500 cc,272.0,210.0,6.6,5.0,56700.0,42000.0
Acura,ILX Technology Plus,Sedan,Gas,2400 cc,201.0,200.0,6.6,5.0,37800.0,28000.0
Acura,TLX Type S PMC Edition,Sedan,Gas,3000 cc,355.0,250.0,5.1,5.0,72900.0,54000.0
Acura,MDX Sport Hybrid,Suv,Hybrid,3500 cc,321.0,190.0,6.0,7.0,70200.0,52000.0
Peugeot,208,Others,Gas,1199 cc,82.0,180.0,10.5,5.0,29700.0,22000.0
Peugeot,2008,Sedan,Gas,1199 cc,100.0,190.0,9.0,5.0,33750.0,25000.0
Peugeot,301,Sedan,Gas,1598 cc,115.0,185.0,10.0,5.0,31725.0,23500.0
Peugeot,308,Sedan,Gas,1598 cc,130.0,200.0,8.0,5.0,37800.0,28000.0
Peugeot,3008,Sedan,Gas,1598 cc,180.0,210.0,7.5,5.0,43200.0,32000.0
Peugeot,5008,Suv,Gas,1998 cc,165.0,200.0,9.5,7.0,47250.0,35000.0
Peugeot,508,Sedan,Gas,1998 cc,180.0,235.0,8.0,5.0,47925.0,35500.0
Peugeot,Partner,Others,Gas,1560 cc,75.0,160.0,12.0,5.0,30375.0,22500.0
Peugeot,Expert,Sedan,Gas,1997 cc,120.0,180.0,10.0,3.0,40500.0,30000.0
Peugeot,Boxer,Sedan,Gas,2200 cc,140.0,160.0,11.0,3.0,43200.0,32000.0
Peugeot,e-208,Sedan,Electric,50 kWh,136.0,150.0,8.1,5.0,47250.0,35000.0
Peugeot,e-2008,Sedan,Electric,50 kWh,136.0,150.0,8.5,5.0,51300.0,38000.0
Peugeot,208 GTI,Sedan,Gas,1598 cc,208.0,230.0,6.5,5.0,37800.0,28000.0
Peugeot,308 GTI,Sedan,Gas,1598 cc,270.0,250.0,6.0,5.0,47250.0,35000.0
Peugeot,508 PSE (Peugeot Sport Engineered),Sedan,Hybrid,1598 cc (petrol) + Electric Motor,360.0,250.0,5.2,5.0,74250.0,55000.0
Peugeot,308 Allure,Sedan,Gas,1199 cc,130.0,205.0,9.3,5.0,33750.0,25000.0
Peugeot,2008 Allure,Sedan,Gas,1199 cc,130.0,200.0,9.7,5.0,36450.0,27000.0
Peugeot,3008 Allure,Sedan,Gas,1499 cc,180.0,210.0,8.0,5.0,40500.0,30000.0
Peugeot,5008 Allure,Suv,Gas,1499 cc,180.0,200.0,8.5,7.0,44550.0,33000.0
Peugeot,508 Allure,Sedan,Gas,1499 cc,180.0,225.0,8.0,5.0,47250.0,35000.0
Peugeot,3008 GT,Sedan,Gas,1598 cc,200.0,220.0,7.5,5.0,47250.0,35000.0
Peugeot,508 GT,Sedan,Gas,1598 cc,225.0,235.0,6.8,5.0,54000.0,40000.0
Peugeot,3008 GT Hybrid,Sedan,Hybrid,1598 cc (petrol) + Electric Motor,300.0,235.0,6.0,5.0,60750.0,45000.0
Peugeot,5008 GT Hybrid,Suv,Hybrid,1598 cc (petrol) + Electric Motor,300.0,210.0,6.5,7.0,64800.0,48000.0
Peugeot,208 Allure Premium,Sedan,Gas,1199 cc,130.0,200.0,9.5,5.0,37800.0,28000.0
Peugeot,Partner Tepee,Sedan,Gas,1560 cc,100.0,170.0,12.0,5.0,33750.0,25000.0
Peugeot,Expert L2H1,Sedan,Gas,1997 cc,120.0,160.0,13.0,3.0,40500.0,30000.0
Peugeot,Boxer L2H2,Sedan,Gas,2200 cc,130.0,140.0,14.0,3.0,47250.0,35000.0
Peugeot,Partner Electric,Sedan,Electric,-,136.0,130.0,9.0,5.0,54000.0,40000.0
Peugeot,Expert Electric,Sedan,Electric,-,136.0,130.0,9.5,5.0,60750.0,45000.0
Peugeot,208 PSE (Peugeot Sport Engineered),Sedan,Hybrid,1598 cc (petrol) + Electric Motor,225.0,250.0,5.5,5.0,60750.0,45000.0
Peugeot,308 PSE,Sedan,Hybrid,1598 cc (petrol) + Electric Motor,360.0,250.0,5.0,5.0,74250.0,55000.0
Peugeot,508 PSE,Sedan,Hybrid,1598 cc (petrol) + Electric Motor,360.0,250.0,5.2,5.0,81000.0,60000.0
Peugeot,3008 PSE,Sedan,Hybrid,1598 cc (petrol) + Electric Motor,300.0,235.0,6.0,5.0,67500.0,50000.0
Peugeot,2008 Active,Sedan,Gas,1199 cc,100.0,190.0,11.2,5.0,29700.0,22000.0
Peugeot,3008 Active,Sedan,Gas,1499 cc,130.0,200.0,10.0,5.0,40500.0,30000.0
Peugeot,5008 Active,Suv,Gas,1499 cc,130.0,190.0,10.5,7.0,44550.0,33000.0
Peugeot,3008 Allure Premium,Sedan,Gas,1499 cc,130.0,200.0,9.8,5.0,43200.0,32000.0
Peugeot,5008 Allure Premium,Suv,Gas,1499 cc,130.0,190.0,10.2,7.0,47250.0,35000.0
Peugeot,3008 GT Line,Sedan,Gas,1598 cc,180.0,210.0,8.5,5.0,47250.0,35000.0
Peugeot,5008 GT Line,Suv,Gas,1598 cc,180.0,200.0,9.0,7.0,51300.0,38000.0
Peugeot,2008 GT,Sedan,Gas,1199 cc,130.0,200.0,9.3,5.0,33750.0,25000.0
Peugeot,5008 GT,Suv,Gas,1598 cc,180.0,210.0,8.2,7.0,54000.0,40000.0
Peugeot,508 SW (Station Wagon),Sedan,Gas,1598 cc,180.0,220.0,8.4,5.0,47250.0,35000.0
Peugeot,508 Saloon,Sedan,Gas,1598 cc,180.0,210.0,8.6,5.0,49950.0,37000.0
Peugeot,308 Saloon,Sedan,Gas,1199 cc,130.0,200.0,9.0,5.0,37800.0,28000.0
Peugeot,301 Sedan,Others,Gas,1199 cc,82.0,180.0,12.0,5.0,27000.0,20000.0
Peugeot,208 Sedan,Sedan,Gas,1199 cc,100.0,190.0,11.2,5.0,29700.0,22000.0
Ford,Fusion (Mondeo),Sedan,Gas,1500 - 2000 cc,160.0,220.0,7.5,5.0,33750.0,25000.0
Ford,Taurus,Sedan,Gas,2000 - 3500 cc,200.0,220.0,6.5,5.0,40500.0,30000.0
Ford,Fiesta,Others,Gas,1000 - 1500 cc,85.0,200.0,7.0,5.0,20250.0,15000.0
Ford,Focus,Sedan,Gas,1000 - 2000 cc,120.0,220.0,6.5,5.0,27000.0,20000.0
Ford,KA+,Others,Gas,1200 cc,70.0,165.0,10.5,5.0,16200.0,12000.0
Ford,EcoSport,Sedan,Gas,1000 - 2000 cc,123.0,180.0,9.0,5.0,27000.0,20000.0
Ford,Escape (Kuga),Sedan,Gas,1500 - 2500 cc,181.0,190.0,7.5,5.0,33750.0,25000.0
Ford,Edge,Sedan,Gas,2000 - 2700 cc,250.0,200.0,6.5,5.0,47250.0,35000.0
Ford,Explorer,Suv,Gas,2300 - 3000 cc,300.0,200.0,6.0,7.0,47250.0,35000.0
Ford,Expedition,Others,Gas,3500 - 5400 cc,375.0,180.0,6.5,8.0,67500.0,50000.0
Ford,Bronco,Sedan,Gas,2300 - 2700 cc,275.0,200.0,7.5,4.0,40500.0,30000.0
Ford,Bronco Sport,Sedan,Gas,1500 - 2000 cc,181.0,185.0,7.0,5.0,35100.0,26000.0
Ford,F-150,Sedan,Gas,3300 - 5000 cc,290.0,200.0,5.0,5.0,47250.0,35000.0
Ford,F-250 Super Duty,Sedan,Gas,6200 - 7300 cc,385.0,180.0,6.5,5.0,54000.0,40000.0
Ford,F-350 Super Duty,Sedan,Gas,6700 - 7300 cc,450.0,180.0,7.0,5.0,60750.0,45000.0
Ford,Maverick,Sedan,Gas,2500 - 2000 cc,191.0,180.0,6.5,5.0,29700.0,22000.0
Ford,Ranger,Sedan,Gas,2300 - 2700 cc,270.0,180.0,6.0,5.0,33750.0,25000.0
Ford,Mustang Mach-E,Sedan,Electric,Battery (68-98 kWh),290.0,180.0,7.568661679135495,5.0,58050.0,43000.0
Ford,F-150 Lightning,Sedan,Electric,Battery (98 kWh),452.0,180.0,4.5,5.0,54000.0,40000.0
Ford,Escape Hybrid,Sedan,Hybrid,2500 cc,200.0,180.0,7.7,5.0,37800.0,28000.0
Ford,Explorer Hybrid,Suv,Hybrid,3300 cc,318.0,180.0,7.5,7.0,67500.0,50000.0
Ford,Mustang,Sports,Gas,5000 cc,450.0,250.0,4.3,4.0,74250.0,55000.0
Ford,GT,Sports,Gas,3500 cc,660.0,348.0,3.0,2.0,675000.0,500000.0
Ford,Focus ST,Sedan,Gas,2300 cc,280.0,250.0,5.7,5.0,40500.0,30000.0
Ford,Fiesta ST,Sedan,Gas,1500 cc,200.0,230.0,6.5,5.0,31050.0,23000.0
Ford,Bronco Raptor,Sedan,Gas,3000 cc,400.0,220.0,5.5,4.0,94500.0,70000.0
Ford,Ranger Raptor,Sedan,Gas,2700 cc,392.0,200.0,6.0,5.0,60750.0,45000.0
Ford,F-150 Raptor,Sedan,Gas,3500 cc,450.0,200.0,5.0,5.0,94500.0,70000.0
Ford,Puma,Sedan,Gas,1000 cc,123.0,191.0,9.6,5.0,37800.0,28000.0
Ford,Territory,Sedan,Gas,1500 cc,140.0,180.0,11.0,5.0,43200.0,32000.0
Ford,Everest,Suv,Gas,2000 cc,210.0,190.0,10.5,7.0,70200.0,52000.0
Ford,Flex,Suv,Gas,3500 cc,287.0,200.0,7.9,7.0,41850.0,31000.0
Ford,Mustang Shelby GT500,Sports,Gas,5200 cc,760.0,290.0,3.5,2.0,107217.0,79420.0
Ford,Mustang Shelby GT350,Sports,Gas,5200 cc,526.0,280.0,4.0,2.0,79839.0,59140.0
Ford,F-150 Platinum,Sedan,Gas,3500 cc,400.0,180.0,6.5,5.0,87338.2,64695.0
Ford,F-150 Limited,Sedan,Gas,3500 cc,450.0,190.0,6.1,5.0,114628.5,84910.0
Ford,Explorer Platinum,Suv,Gas,3000 cc,400.0,230.0,6.0,7.0,76281.8,56505.0
Ford,E-Series Cutaway,Sports,Gas,7300 cc,350.0,140.0,13.0,2.0,48600.0,36000.0
Ford,Transit Chassis Cab,Sedan,Gas,2000 cc,170.0,160.0,11.5,2.0,49950.0,37000.0
Ford,Explorer Plug-in Hybrid,Suv,Hybrid,3000 cc (petrol) + Electric Motor,457.0,225.0,6.0,7.0,71550.0,53000.0
Ford,Maverick Hybrid,Sedan,Hybrid,2500 cc (petrol) + Electric Motor,191.0,180.0,7.8,5.0,33750.0,25000.0
Ford,Mustang (2024),Sports,Gas,5000 cc,450.0,250.0,4.5,4.0,81000.0,60000.0
Ford,Ranger (2024),Sedan,Gas,2000 cc,210.0,180.0,8.0,5.0,54000.0,40000.0
Ford,Escape Plug-in Hybrid (2024),Sedan,Hybrid,2500 cc (petrol) + Electric Motor,221.0,190.0,7.5,5.0,51300.0,38000.0
Ford,Bronco (2024),Sedan,Gas,2700 cc,310.0,200.0,6.7,5.0,60750.0,45000.0
Ford,Explorer (2024),Suv,Gas,3000 cc,400.0,230.0,5.9,7.0,74250.0,55000.0
Mitsubishi,Mirage,Others,Gas,1200 cc,78.0,170.0,12.0,5.0,21600.0,16000.0
Mitsubishi,Mirage G4,Others,Gas,1200 cc,78.0,170.0,12.0,5.0,22950.0,17000.0
Mitsubishi,Outlander,Suv,Gas,2500 cc,181.0,190.0,9.5,7.0,37800.0,28000.0
Mitsubishi,Outlander PHEV,Sedan,Hybrid,2400 cc / 20 kWh battery,248.0,170.0,10.5,5.0,52650.0,39000.0
Mitsubishi,Eclipse Cross,Sedan,Gas,1500 cc,152.0,180.0,9.8,5.0,33750.0,25000.0
Mitsubishi,ASX (Outlander Sport),Sedan,Gas,2000 cc,148.0,190.0,10.0,5.0,31050.0,23000.0
Mitsubishi,Pajero,Suv,Gas,3200 cc,189.0,180.0,10.5,7.0,54000.0,40000.0
Mitsubishi,Pajero Sport,Suv,Gas,2400 cc,181.0,180.0,11.0,7.0,47250.0,35000.0
Mitsubishi,Triton (L200),Sedan,Gas,2400 cc,181.0,177.0,10.5,5.0,33750.0,25000.0
Mitsubishi,Lancer Evolution X,Sedan,Gas,2000 cc,291.0,240.0,5.0,5.0,54000.0,40000.0
Mitsubishi,i-MiEV (Electric),Others,Electric,16 kWh battery,66.0,130.0,15.0,4.0,31050.0,23000.0
Mitsubishi,Xpander,Suv,Gas,1500 cc,105.0,170.0,13.5,7.0,27000.0,20000.0
Mitsubishi,Delica D:5,Suv,Gas,2200 cc,145.0,175.0,11.0,7.0,47250.0,35000.0
Mitsubishi,Colt,Others,Gas,1100 - 1500 cc,75.0,180.0,9.0,5.0,20250.0,15000.0
Mitsubishi,Grandis,Suv,Gas,2400 cc,165.0,190.0,11.0,7.0,33750.0,25000.0
Mitsubishi,Outlander Black Edition,Suv,Gas,2500 cc,181.0,190.0,9.5,7.0,43200.0,32000.0
Mitsubishi,Outlander SEL,Suv,Gas,2500 cc,181.0,190.0,9.5,7.0,41850.0,31000.0
Mitsubishi,Outlander SE,Suv,Gas,2500 cc,181.0,190.0,9.5,7.0,39150.0,29000.0
Mitsubishi,Eclipse Cross Black Edition,Sedan,Gas,1500 cc,152.0,180.0,9.8,5.0,37800.0,28000.0
Mitsubishi,ASX Exceed,Sedan,Gas,2000 cc,148.0,190.0,10.0,5.0,35100.0,26000.0
Mitsubishi,Triton Athlete,Sedan,Gas,2400 cc,181.0,177.0,10.5,5.0,36450.0,27000.0
Mitsubishi,Pajero Final Edition,Suv,Gas,3200 cc,189.0,180.0,10.5,7.0,60750.0,45000.0
Mitsubishi,L200 Barbarian X,Sedan,Gas,2400 cc,181.0,177.0,10.5,5.0,40500.0,30000.0
Mitsubishi,Space Star,Others,Gas,1200 cc,78.0,170.0,12.0,5.0,20250.0,15000.0
Mitsubishi,Lancer EX,Sedan,Gas,1600 - 2000 cc,117.0,200.0,10.0,5.0,27000.0,20000.0
Mitsubishi,Montero Sport,Suv,Gas,2400 cc,181.0,180.0,11.0,7.0,47250.0,35000.0
Mitsubishi,Attrage,Others,Gas,1200 cc,78.0,170.0,12.5,5.0,20250.0,15000.0
Mitsubishi,RVR SE,Sedan,Gas,2000 cc,148.0,190.0,10.5,5.0,31050.0,23000.0
Mitsubishi,Delica Van,Suv,Gas,2000 - 2200 cc,145.0,175.0,11.5,7.0,40500.0,30000.0
Mitsubishi,Canter (Truck),Sedan,Gas,3000 cc,150.0,120.0,7.568661679135495,2.0,47250.0,35000.0
Mitsubishi,Lancer GLX,Sedan,Gas,1600 cc,115.0,190.0,11.5,5.0,22950.0,17000.0
Mitsubishi,Pajero GLS,Suv,Gas,3200 cc,189.0,180.0,10.5,7.0,60750.0,45000.0
Mitsubishi,Xpander Cross,Suv,Gas,1500 cc,105.0,170.0,12.0,7.0,27000.0,20000.0
Mitsubishi,Eclipse Cross PHEV,Sedan,Hybrid,2400 cc,188.0,180.0,10.5,5.0,47250.0,35000.0
Mitsubishi,Outlander ES,Suv,Gas,2500 cc,181.0,190.0,9.5,7.0,37800.0,28000.0
Mitsubishi,Montero GLX,Suv,Gas,2400 cc,181.0,180.0,11.0,7.0,47250.0,35000.0
Mitsubishi,Triton GLX-R,Sedan,Gas,2400 cc,181.0,177.0,10.5,5.0,36450.0,27000.0
Mitsubishi,ASX Dynamic,Sedan,Gas,2000 cc,148.0,190.0,10.0,5.0,33750.0,25000.0
Mitsubishi,Mirage ES,Others,Gas,1200 cc,78.0,170.0,12.5,5.0,20250.0,15000.0
Mitsubishi,Outlander LE,Suv,Gas,2500 cc,181.0,190.0,9.5,7.0,40500.0,30000.0
Mitsubishi,Fuso Fighter (Truck),Coupe,Gas,7500 cc,240.0,120.0,7.568661679135495,2.0,94500.0,70000.0
Mitsubishi,Fuso Canter Eco Hybrid,Sedan,Gas,3000 cc,150.0,120.0,7.568661679135495,2.0,67500.0,50000.0
Mitsubishi,Space Runner,Sedan,Gas,1800 cc,140.0,185.0,10.5,5.0,27000.0,20000.0
Mitsubishi,Toppo BJ,Others,Gas,660 cc,52.0,130.0,15.0,4.0,13500.0,10000.0
Mitsubishi,Chariot,Suv,Gas,2000 cc,140.0,185.0,10.5,7.0,27000.0,20000.0
Mitsubishi,Lancer SE Limited,Sedan,Gas,2000 cc,148.0,200.0,10.0,5.0,27000.0,20000.0
Mitsubishi,Pajero SWB (Short Wheel Base),Sedan,Gas,3200 cc,189.0,180.0,10.5,5.0,60750.0,45000.0
Mitsubishi,Delica Space Gear,Suv,Gas,2400 cc,145.0,170.0,13.0,7.0,40500.0,30000.0
Mitsubishi,i (Kei Car),Others,Gas,660 cc,64.0,130.0,15.5,4.0,16200.0,12000.0
Mitsubishi,Dion,Suv,Gas,2000 cc,135.0,180.0,11.5,7.0,20250.0,15000.0
Mitsubishi,Airtrek,Sedan,Gas,2400 cc,160.0,190.0,11.0,5.0,27000.0,20000.0
Mitsubishi,eK Space,Others,Gas,660 cc,52.0,130.0,15.0,4.0,13500.0,10000.0
Mitsubishi,eK X,Others,Gas,660 cc,64.0,140.0,13.5,4.0,16200.0,12000.0
Mitsubishi,Colt CZC Convertible,Sedan,Gas,1500 cc,147.0,200.0,9.5,4.0,33750.0,25000.0
Mitsubishi,Galant Fortis,Sedan,Gas,2000 cc,154.0,200.0,10.0,5.0,24300.0,18000.0
Mitsubishi,Endeavor,Sedan,Gas,3800 cc,225.0,190.0,9.5,5.0,37800.0,28000.0
Mitsubishi,Grand Lancer,Sedan,Gas,1800 cc,138.0,190.0,11.5,5.0,27000.0,20000.0
Mitsubishi,Sigma,Sedan,Gas,3000 cc,210.0,220.0,8.5,5.0,47250.0,35000.0
Mitsubishi,Town Box,Others,Gas,660 cc,48.0,120.0,16.0,4.0,13500.0,10000.0
Mitsubishi,Minicab MiEV,Others,Electric,16 kWh battery,64.0,100.0,7.568661679135495,2.0,24300.0,18000.0
Mazda,Mazda3,Sedan,Gas,2000 cc,155.0,200.0,8.9,5.0,29700.0,22000.0
Mazda,Mazda3 Hatchback,Sedan,Gas,2500 cc,186.0,210.0,8.3,5.0,32400.0,24000.0
Mazda,Mazda6,Sedan,Gas,2500 cc,250.0,240.0,6.4,5.0,36450.0,27000.0
Mazda,CX-3,Sedan,Gas,2000 cc,146.0,180.0,9.5,5.0,28350.0,21000.0
Mazda,CX-30,Sedan,Gas,2500 cc,186.0,204.0,8.7,5.0,31050.0,23000.0
Mazda,CX-5,Sedan,Gas,2500 cc,187.0,200.0,8.8,5.0,35100.0,26000.0
Mazda,CX-50,Sedan,Gas,2500 cc,256.0,220.0,6.9,5.0,39150.0,29000.0
Mazda,CX-8,Suv,Gas,2200 cc,187.0,200.0,9.2,7.0,48600.0,36000.0
Mazda,CX-9,Suv,Gas,2500 cc,250.0,210.0,7.2,7.0,51300.0,38000.0
Mazda,CX-90,Suv,Gas,3300 cc,340.0,240.0,6.2,7.0,67500.0,50000.0
Mazda,MX-5 Miata,Sedan,Gas,2000 cc,181.0,225.0,6.5,2.0,36450.0,27000.0
Mazda,MX-5 Miata RF,Sedan,Gas,2000 cc,181.0,225.0,6.5,2.0,44550.0,33000.0
Mazda,MX-30 Electric,Sedan,Electric,35.5 kWh battery,143.0,140.0,9.7,5.0,44550.0,33000.0
Mazda,CX-4,Sedan,Gas,2000 cc,158.0,190.0,9.6,5.0,29700.0,22000.0
Mazda,CX-7,Sedan,Gas,2300 cc,244.0,210.0,7.9,5.0,37800.0,28000.0
Mazda,Tribute,Sedan,Gas,3000 cc,200.0,190.0,9.0,5.0,32400.0,24000.0
Mazda,B-Series Pickup,Sedan,Gas,2500 cc,143.0,170.0,11.5,5.0,27000.0,20000.0
Mazda,BT-50,Sedan,Gas,3200 cc,200.0,180.0,10.0,5.0,36450.0,27000.0
Mazda,RX-7,Sports,Gas,1300 cc,276.0,250.0,5.5,4.0,40500.0,30000.0
Mazda,RX-3,Sedan,Gas,1200 cc,110.0,180.0,8.9,4.0,20250.0,15000.0
Mazda,323F,Sedan,Gas,1600 cc,105.0,180.0,10.5,5.0,18900.0,14000.0
Mazda,Familia Sedan,Sedan,Gas,1500 cc,100.0,175.0,11.0,5.0,16200.0,12000.0
Mazda,Premacy,Suv,Gas,2000 cc,138.0,190.0,9.8,7.0,24300.0,18000.0
Mazda,Demio,Sedan,Gas,1500 cc,108.0,180.0,10.2,5.0,17550.0,13000.0
Mazda,Millenia,Sedan,Gas,2300 cc,210.0,215.0,8.2,5.0,33750.0,25000.0
Mazda,Eunos Cosmo,Sports,Gas,2000 cc,280.0,240.0,6.0,4.0,54000.0,40000.0
Mazda,Atenza,Sedan,Gas,2500 cc,192.0,210.0,8.5,5.0,29700.0,22000.0
Mazda,Roadpacer AP,Sedan,Gas,1300 cc,130.0,170.0,11.5,5.0,27000.0,20000.0
Mazda,626,Sedan,Gas,2000 cc,140.0,190.0,9.5,5.0,24300.0,18000.0
Mazda,929,Sedan,Gas,3000 cc,205.0,220.0,8.0,5.0,33750.0,25000.0
Mazda,Luce,Sedan,Gas,1800 cc,135.0,180.0,10.5,5.0,20250.0,15000.0
Mazda,Capella,Sedan,Gas,1600 cc,110.0,175.0,11.2,5.0,18900.0,14000.0
Mazda,Carol,Others,Gas,660 cc,63.0,140.0,15.5,4.0,12150.0,9000.0
Mazda,Autozam AZ-1,Others,Gas,657 cc,63.0,140.0,11.0,2.0,16200.0,12000.0
Mazda,Spiano,Others,Gas,660 cc,54.0,130.0,16.0,4.0,10800.0,8000.0
Mazda,Verisa,Sedan,Gas,1500 cc,113.0,170.0,11.0,5.0,18900.0,14000.0
Mazda,MX-6,Sedan,Gas,2500 cc,164.0,210.0,8.8,4.0,24300.0,18000.0
Mazda,MPV,Suv,Gas,3000 cc,200.0,185.0,9.5,7.0,33750.0,25000.0
Mazda,Proceed Marvie,Sedan,Gas,2600 cc,120.0,160.0,12.0,5.0,27000.0,20000.0
Mazda,Sentia,Sedan,Gas,3000 cc,200.0,200.0,9.0,5.0,29700.0,22000.0
Mazda,Cronos,Sedan,Gas,2500 cc,160.0,190.0,8.5,5.0,24300.0,18000.0
Mazda,Scrum,Others,Gas,660 cc,63.0,130.0,15.0,4.0,12150.0,9000.0
Mazda,Parkway,Sedan,Gas,1800 cc,115.0,160.0,12.5,5.0,27000.0,20000.0
Mazda,Titan (Truck),Sedan,Gas,3000 cc,130.0,120.0,15.0,2.0,33750.0,25000.0
Mazda,CX-60,Sedan,Gas,2500 cc,187.0,200.0,8.5,5.0,54000.0,40000.0
Mazda,CX-80,Suv,Gas,3000 cc,250.0,210.0,7.5,7.0,60750.0,45000.0
Mazda,T1500,Others,Gas,1500 cc,75.0,120.0,18.0,2.0,20250.0,15000.0
Mazda,Bongo Van,Sedan,Gas,2000 cc,100.0,160.0,14.0,3.0,24300.0,18000.0
Mazda,Bongo Friendee,Suv,Gas,2500 cc,115.0,160.0,12.5,7.0,27000.0,20000.0
Mazda,Revue,Others,Gas,1300 cc,75.0,130.0,15.5,5.0,13500.0,10000.0
Mazda,Proteg,Sedan,Gas,1800 cc,125.0,185.0,9.0,5.0,20250.0,15000.0
Mazda,Xedos 6,Sedan,Gas,2500 cc,170.0,215.0,8.5,5.0,33750.0,25000.0
Mazda,Xedos 9,Sedan,Gas,3000 cc,200.0,220.0,7.5,5.0,40500.0,30000.0
Mazda,121,Others,Gas,1300 cc,70.0,155.0,13.0,5.0,16200.0,12000.0
Mazda,1200,Others,Gas,1200 cc,60.0,130.0,16.0,4.0,13500.0,10000.0
Mazda,1500,Others,Gas,1500 cc,85.0,145.0,14.0,5.0,16200.0,12000.0
Mazda,RX-2,Sedan,Gas,1308 cc,130.0,185.0,8.5,4.0,27000.0,20000.0
Mazda,RX-5,Sedan,Gas,1588 cc,135.0,190.0,8.0,4.0,33750.0,25000.0
Mazda,RX-7 Spirit R,Sports,Gas,1308 cc,280.0,250.0,5.5,2.0,47250.0,35000.0
Mazda,Cosmo Sport (110S),Sedan,Gas,1000 cc,110.0,170.0,10.0,2.0,40500.0,30000.0
Mazda,Eunos 500,Sedan,Gas,1998 cc,135.0,200.0,9.0,5.0,33750.0,25000.0
Mazda,Eunos Roadster,Sedan,Gas,1590 cc,116.0,180.0,9.5,2.0,20250.0,15000.0
Mazda,Familia Astina,Sedan,Gas,1800 cc,135.0,200.0,8.5,5.0,27000.0,20000.0
Mazda,Savanna RX-7,Sedan,Gas,1308 cc,165.0,230.0,7.5,2.0,37800.0,28000.0
Mazda,Capella Cargo,Sedan,Gas,2000 cc,115.0,180.0,12.0,4.0,24300.0,18000.0
Mazda,818,Sedan,Gas,1600 cc,100.0,170.0,12.5,5.0,18900.0,14000.0
Mazda,Sentia Hardtop Coupe,Coupe,Gas,2500 cc,160.0,210.0,8.0,4.0,40500.0,30000.0
Mazda,Biante,Suv,Gas,2000 cc,150.0,185.0,10.0,7.0,29700.0,22000.0
Mazda,Premacy Hydrogen RE Hybrid,Sedan,Hybrid,1308 cc,200.0,180.0,9.5,5.0,54000.0,40000.0
Mazda,Carol P360,Others,Gas,360 cc,26.0,85.0,35.0,4.0,10800.0,8000.0
Mazda,T2000,Sedan,Gas,2000 cc,110.0,170.0,12.5,2.0,24300.0,18000.0
Mazda,AZ-Offroad,Others,Gas,1298 cc,85.0,145.0,12.0,5.0,20250.0,15000.0
Mazda,Scrum Wagon,Others,Gas,657 cc,64.0,120.0,15.5,4.0,13500.0,10000.0
Mazda,Persona,Others,Gas,1497 cc,92.0,160.0,13.5,5.0,17550.0,13000.0
Mazda,Astina,Sedan,Gas,1800 cc,140.0,190.0,8.5,5.0,27000.0,20000.0
Mazda,Etude,Sedan,Gas,1598 cc,105.0,170.0,10.0,5.0,18900.0,14000.0
Mazda,Porter,Others,Gas,1497 cc,95.0,130.0,14.0,2.0,16200.0,12000.0
Mazda,MX-3,Sedan,Gas,1598 cc,130.0,190.0,8.5,4.0,24300.0,18000.0
Mazda,MX-5 Superlight Concept,Sedan,Gas,1798 cc,143.0,200.0,7.5,2.0,40500.0,30000.0
Mazda,Premacy Hydrogen RE,Sedan,Hybrid,1308 cc,200.0,180.0,9.5,5.0,54000.0,40000.0
Mazda,Bongo Truck,Sedan,Gas,1998 cc,120.0,130.0,15.0,2.0,20250.0,15000.0
Mazda,Rotary Pickup,Sedan,Gas,1308 cc,130.0,150.0,14.5,2.0,24300.0,18000.0
Mazda,Luce Rotary Coupe,Coupe,Gas,1308 cc,135.0,175.0,12.0,4.0,33750.0,25000.0
Mazda,Millenia S,Sedan,Gas,2500 cc,200.0,220.0,8.0,5.0,40500.0,30000.0
Mazda,787B (Race Car),Sports,Gas,2620 cc,700.0,320.0,3.5,1.0,6750000.0,5000000.0
